
[2m> [22m[2mnx run[22m admin-portal:serve:development --port=4201

[33m>[39m Building...
[32m√[39m Building...
[37m[1mInitial chunk files[22m[2m | [22m[1mNames[22m                     [2m | [22m[1mRaw size[22m
[32mstyles.css[37m         [2m | [22m[2mstyles[22m                    [2m | [22m[36m38.14 kB[37m[2m | [22m
[32mchunk-6B7S5OWS.js[37m  [2m | [22m[2m-[22m                         [2m | [22m[36m26.44 kB[37m[2m | [22m
[32mmain.js[37m            [2m | [22m[2mmain[22m                      [2m | [22m [36m4.46 kB[37m[2m | [22m
[32mchunk-XQ5AJFHI.js[37m  [2m | [22m[2m-[22m                         [2m | [22m [36m1.85 kB[37m[2m | [22m
[1m [22m                  [2m | [22m[1mInitial total[22m             [2m | [22m[1m70.90 kB[22m
[1mLazy chunk files[22m   [2m | [22m[1mNames[22m                     [2m | [22m[1mRaw size[22m
[32mchunk-UFVLSJ3Z.js[37m  [2m | [22m[2m-[22m                         [2m | [22m[36m86.96 kB[37m[2m | [22m
[32mchunk-CJYZAP3D.js[37m  [2m | [22m[2musers-component[22m           [2m | [22m[36m12.45 kB[37m[2m | [22m
[32mchunk-3NRQBX6W.js[37m  [2m | [22m[2mpayments-component[22m        [2m | [22m[36m10.22 kB[37m[2m | [22m
[32mchunk-AQA4FVSW.js[37m  [2m | [22m[2madmin-shell-component[22m     [2m | [22m [36m9.90 kB[37m[2m | [22m
[32mchunk-OA5NKUTU.js[37m  [2m | [22m[2mdashboard-component[22m       [2m | [22m [36m9.49 kB[37m[2m | [22m
[32mchunk-UX23IIZY.js[37m  [2m | [22m[2mleaders-component[22m         [2m | [22m [36m8.43 kB[37m[2m | [22m
[32mchunk-M5K53XFP.js[37m  [2m | [22m[2mjoin-requests-component[22m   [2m | [22m [36m8.17 kB[37m[2m | [22m
[32mchunk-ZZT3U6G5.js[37m  [2m | [22m[2mcommittees-component[22m      [2m | [22m [36m8.07 kB[37m[2m | [22m
[32mchunk-V6YEG7TI.js[37m  [2m | [22m[2mpayouts-component[22m         [2m | [22m [36m7.85 kB[37m[2m | [22m
[32mchunk-G6C3ARYV.js[37m  [2m | [22m[2msupport-component[22m         [2m | [22m [36m7.06 kB[37m[2m | [22m
[32mchunk-2JO3IE[39m
[37mXK.js[37m  [2m | [22m[2msettings-component[22m        [2m | [22m [36m7.05 kB[37m[2m | [22m
[32mchunk-R6LUUMCS.js[37m  [2m | [22m[2mcommittee-detail-component[22m[2m | [22m [36m6.79 kB[37m[2m | [22m
[32mchunk-72H5AKI4.js[37m  [2m | [22m[2madmin-login-component[22m     [2m | [22m [36m6.57 kB[37m[2m | [22m
[32mchunk-WAT5TIKJ.js[37m  [2m | [22m[2mreports-component[22m         [2m | [22m [36m6.33 kB[37m[2m | [22m
[32mchunk-YIIJ5RVI.js[37m  [2m | [22m[2maudit-logs-component[22m      [2m | [22m [36m5.99 kB[37m[2m | [22m
[2m...and 1 more lazy chunks files. Use "--verbose" to show all the files.[22m
Application bundle generation complete. [7.547 seconds] - 2026-05-10T08:20:45.187Z
[39m
[37mWatch mode enabled. Watching for file changes...[39m
[37mNOTE: Raw file sizes do not reflect development server per-request transformations.[39m
  [32m➜[39m  [1mLocal[22m:   [36mhttp://localhost:[1m4201[22m/[39m
[2m[32m  ➜[39m[22m[2m  press [22m[1mh + enter[22m[2m to show help[22m
[33m>[39m Changes detected. Rebuilding...
[32m√[39m Changes detected. Rebuilding...
[37m[1mInitial chunk files[22m[2m | [22m[1mNames[22m [2m | [22m[1mRaw size[22m
[32mstyles.css[37m         [2m | [22m[2mstyles[22m[2m | [22m[36m52.71 kB[37m[2m | [22m
Application bundle generation complete. [1.905 seconds] - 2026-05-10T15:35:13.488Z
[39m
[37mStylesheet update sent to client(s).[39m
[33m>[39m Changes detected. Rebuilding...
[32m√[39m Changes detected. Rebuilding...
[37m[1mInitial chunk files[22m[2m | [22m[1mNames[22m [2m | [22m[1mRaw size[22m
[32mstyles.css[37m         [2m | [22m[2mstyles[22m[2m | [22m[36m53.49 kB[37m[2m | [22m
Application bundle generation complete. [1.468 seconds] - 2026-05-10T15:35:29.625Z
[39m
[37mStylesheet update sent to client(s).[39m
[33m>[39m Changes detected. Rebuilding...
[32m√[39m Changes detected. Rebuilding...
[37mApplication bundle generation failed. [2.448 seconds] - 2026-05-10T15:38:38.016Z
[39m
[1m[31m[31mX [41;31m[[41;97mERROR[41;31m][0m [1mTS2554: Expected 2 arguments, but got 0.[0m [1m[35m[plugin angular-compiler][0m
    admin-portal/src/app/pages/admin-login.component.ts:15:114:
[37m      15 │ ...p-6 shadow-card" (submit)="$event.preventDefault(); auth.[32mlogin[37m()">
         ╵                                                             [32m~~~~~[0m
[39m[22m
[33m>[39m Changes detected. Rebuilding...
[32m√[39m Changes detected. Rebuilding...
[37m[1mInitial chunk files[22m[2m | [22m[1mNames[22m                     [2m | [22m[1mRaw size[22m
[32mstyles.css[37m         [2m | [22m[2mstyles[22m                    [2m | [22m[36m53.49 kB[37m[2m | [22m
[32mchunk-6B7S5OWS.js[37m  [2m | [22m[2m-[22m                         [2m | [22m[36m26.44 kB[37m[2m | [22m
[32mmain.js[37m            [2m | [22m[2mmain[22m                      [2m | [22m [36m4.46 kB[37m[2m | [22m
[32mchunk-XVT5ASVG.js[37m  [2m | [22m[2m-[22m                         [2m | [22m [36m1.61 kB[37m[2m | [22m
[1m [22m                  [2m | [22m[1mInitial total[22m             [2m | [22m[1m86.01 kB[22m
[1mLazy chunk files[22m   [2m | [22m[1mNames[22m                     [2m | [22m[1mRaw size[22m
[32mchunk-UFVLSJ3Z.js[37m  [2m | [22m[2m-[22m                         [2m | [22m[36m86.96 kB[37m[2m | [22m
[32mchunk-CJYZAP3D.js[37m  [2m | [22m[2musers-component[22m           [2m | [22m[36m12.45 kB[37m[2m | [22m
[32mchunk-ZIJIXXH5.js[37m  [2m | [22m[2madmin-login-component[22m     [2m | [22m[36m11.44 kB[37m[2m | [22m
[32mchunk-3NRQBX6W.js[37m  [2m | [22m[2mpayments-component[22m        [2m | [22m[36m10.22 kB[37m[2m | [22m
[32mchunk-76XQDTJ6.js[37m  [2m | [22m[2madmin-shell-component[22m     [2m | [22m [36m9.90 kB[37m[2m | [22m
[32mchunk-OA5NKUTU.js[37m  [2m | [22m[2mdashboard-component[22m       [2m | [22m [36m9.49 kB[37m[2m | [22m
[32mchunk-UX23IIZY.js[37m  [2m | [22m[2mleaders-component[22m         [2m | [22m [36m8.43 kB[37m[2m | [22m
[32mchunk-M5K53XFP.js[37m  [2m | [22m[2mjoin-requests-component[22m   [2m | [22m [36m8.17 kB[37m[2m | [22m
[32mchunk-ZZT3U6G5.js[37m  [2m | [22m[2mcommittees-component[22m      [2m | [22m [36m8.07 kB[37m[2m | [22m
[32mchunk-V6YEG7TI.js[37m  [2m | [22m[2mpayouts-component[22m         [2m | [22m [36m7.85 kB[37m[2m | [22m
[32mchunk-G6C3AR[39m[37mYV.js[37m  [2m | [22m[2msupport-component[22m         [2m | [22m [36m7.06 kB[37m[2m | [22m
[32mchunk-2JO3IEXK.js[37m  [2m | [22m[2msettings-component[22m        [2m | [22m [36m7.05 kB[37m[2m | [22m
[32mchunk-R6LUUMCS.js[37m  [2m | [22m[2mcommittee-detail-component[22m[2m | [22m [36m6.79 kB[37m[2m | [22m
[32mchunk-WAT5TIKJ.js[37m  [2m | [22m[2mreports-component[22m         [2m | [22m [36m6.33 kB[37m[2m | [22m
[32mchunk-YIIJ5RVI.js[37m  [2m | [22m[2maudit-logs-component[22m      [2m | [22m [36m5.99 kB[37m[2m | [22m
[2m...and 1 more lazy chunks files. Use "--verbose" to show all the files.[22m
Application bundle generation complete. [1.723 seconds] - 2026-05-10T15:39:00.559Z
[39m
[37mPage reload sent to client(s).[39m
[33m>[39m Changes detected. Rebuilding...
[32m√[39m Changes detected. Rebuilding...
[37mApplication bundle generation failed. [0.614 seconds] - 2026-05-10T15:52:02.189Z
[39m
[1m[31m[31mX [41;31m[[41;97mERROR[41;31m][0m [1mTS2322: Type '({ readonly id: "req_001"; readonly userId: "usr_003"; readonly committeeId: "cm_001"; readonly status: "Pending"; readonly riskFlag: false; readonly requestedAt: "2026-05-09T09:00:00Z"; } | ... 4 more ... | { ...; })[]' is not assignable to type '({ readonly id: "req_001"; readonly userId: "usr_003"; readonly committeeId: "cm_001"; readonly status: "Pending"; readonly riskFlag: false; readonly requestedAt: "2026-05-09T09:00:00Z"; } | { ...; } | { ...; })[]'.
  Type '{ readonly id: "req_001"; readonly userId: "usr_003"; readonly committeeId: "cm_001"; readonly status: "Pending"; readonly riskFlag: false; readonly requestedAt: "2026-05-09T09:00:00Z"; } | ... 4 more ... | { ...; }' is not assignable to type '{ readonly id: "req_001"; readonly userId: "usr_003"; readonly committeeId: "cm_001"; readonly status: "Pending"; readonly riskFlag: false; readonly requestedAt: "2026-05-09T09:00:00Z"; } | { ...; } | { ...; }'.
    Type '{ status: "Approved"; reviewedAt: string; id: "req_001"; userId: "usr_003"; committeeId: "cm_001"; riskFlag: false; requestedAt: "2026-05-09T09:00:00Z"; }' is not assignable to type '{ readonly id: "req_001"; readonly userId: "usr_003"; readonly committeeId: "cm_001"; readonly status: "Pending"; readonly riskFlag: false; readonly requestedAt: "2026-05-09T09:00:00Z"; } | { ...; } | { ...; }'.
      Property 'reviewedBy' is missing in type '{ status: "Approved"; reviewedAt: string; id: "req_001"; userId: "usr_003"; committeeId: "cm_001"; riskFlag: false; requestedAt: "2026-05-09T09:00:00Z"; }' but required in type '{ readonly id: "req_003"; readonly userId: "usr_002"; readonly committeeId: "cm_003"; readonly status: "Approved"; readonly riskFlag: false; readonly reviewedBy: "admin_001"; readonly requestedAt: "2026-05-06T11:30:00Z"; readonly reviewedAt: "2026-05-07T10:00:00Z"; }'.[0m [1m[35m[plugin angular-compiler][0m
    admin-portal/src/app/core/admin-data.service.ts:152:6:
[37[39m[22m[1m[31mm      152 │       [32mlist.map(r => r.id === id ? { ...r, status: 'Approved' as c[37m...
          ╵       [32m~~~~~~~~~~~~~~~~~~~~~~~~~~~~~~~~~~~~~~~~~~~~~~~~~~~~~~~~~~~[0m
  'reviewedBy' is declared here.
    libs/src/lib/shared-types/mocks/index.ts:697:4:
[37m      697 │     [32mreviewedBy: 'admin_001'[37m,
          ╵     [32m~~~~~~~~~~~~~~~~~~~~~~~[0m
  The expected type comes from the return type of this signature.
    node_modules/@angular/core/types/_chrome_dev_tools_performance-chunk.d.ts:28:21:
[37m      28 │     update(updateFn: [32m(value: T) => T[37m): void;
         ╵                      [32m~~~~~~~~~~~~~~~[0m
[31mX [41;31m[[41;97mERROR[41;31m][0m [1mTS2322: Type '({ readonly id: "req_001"; readonly userId: "usr_003"; readonly committeeId: "cm_001"; readonly status: "Pending"; readonly riskFlag: false; readonly requestedAt: "2026-05-09T09:00:00Z"; } | ... 4 more ... | { ...; })[]' is not assignable to type '({ readonly id: "req_001"; readonly userId: "usr_003"; readonly committeeId: "cm_001"; readonly status: "Pending"; readonly riskFlag: false; readonly requestedAt: "2026-05-09T09:00:00Z"; } | { ...; } | { ...; })[]'.
  Type '{ readonly id: "req_001"; readonly userId: "usr_003"; readonly committeeId: "cm_001"; readonly status: "Pending"; readonly riskFlag: false; readonly requestedAt: "2026-05-09T09:00:00Z"; } | ... 4 more ... | { ...; }' is not assignable to type '{ readonly id: "req_001"; readonly userId: "usr_003"; readonly committeeId: "cm_001"; readonly status: "Pending"; readonly riskFlag: false; readonly requestedAt: "2026-05-09T09:00:00Z"; } | { ...; } | { ...; }'.
    Type '{ status: "Rejected"; reviewedAt: string; id: "req_001"; userId: "usr_003"; committeeId: "cm_001"; riskFlag: false; requestedAt: "2026-05-09T09:00:00Z"; }' is not assignable to type '{ readonly id: "req_001"; readonly userId: "usr_003"; readonly committeeId: "cm_001"; readonly status: "Pending"; readonly riskFlag: false; readonly requestedAt: [39m[22m
[1m[31m"2026-05-09T09:00:00Z"; } | { ...; } | { ...; }'.
      Type '{ status: "Rejected"; reviewedAt: string; id: "req_001"; userId: "usr_003"; committeeId: "cm_001"; riskFlag: false; requestedAt: "2026-05-09T09:00:00Z"; }' is not assignable to type '{ readonly id: "req_001"; readonly userId: "usr_003"; readonly committeeId: "cm_001"; readonly status: "Pending"; readonly riskFlag: false; readonly requestedAt: "2026-05-09T09:00:00Z"; }'.
        Types of property 'status' are incompatible.
          Type '"Rejected"' is not assignable to type '"Pending"'.[0m [1m[35m[plugin angular-compiler][0m
    admin-portal/src/app/core/admin-data.service.ts:161:6:
[37m      161 │       [32mlist.map(r => r.id === id ? { ...r, status: 'Rejected' as c[37m...
          ╵       [32m~~~~~~~~~~~~~~~~~~~~~~~~~~~~~~~~~~~~~~~~~~~~~~~~~~~~~~~~~~~[0m
  The expected type comes from the return type of this signature.
    node_modules/@angular/core/types/_chrome_dev_tools_performance-chunk.d.ts:28:21:
[37m      28 │     update(updateFn: [32m(value: T) => T[37m): void;
         ╵                      [32m~~~~~~~~~~~~~~~[0m
[31mX [41;31m[[41;97mERROR[41;31m][0m [1mTS2322: Type 'string' is not assignable to type '"req_001" | "req_002" | "req_003"'.[0m [1m[35m[plugin angular-compiler][0m
    admin-portal/src/app/core/admin-data.service.ts:169:6:
[37m      169 │       [32mid[37m: 'req_' + Date.now(),
          ╵       [32m~~[0m
  The expected type comes from property 'id' which is declared here on type '{ readonly id: "req_001"; readonly userId: "usr_003"; readonly committeeId: "cm_001"; readonly status: "Pending"; readonly riskFlag: false; readonly requestedAt: "2026-05-09T09:00:00Z"; } | { ...; } | { ...; }'
    libs/src/lib/shared-types/mocks/index.ts:675:4:
[37m      675 │     [32mid: 'req_001'[37m,
          ╵     [32m~~~~~~~~~~~~~[0m
[31mX [41;31m[[41;97mERROR[41;31m][0m [1mTS2322: Type 'string' is not assignable to type '"usr_003" | "usr_004" | "[39m[22m[1m[31musr_002"'.[0m [1m[35m[plugin angular-compiler][0m
    admin-portal/src/app/core/admin-data.service.ts:170:6:
[37m      170 │       [32muserId[37m,
          ╵       [32m~~~~~~[0m
  The expected type comes from property 'userId' which is declared here on type '{ readonly id: "req_001"; readonly userId: "usr_003"; readonly committeeId: "cm_001"; readonly status: "Pending"; readonly riskFlag: false; readonly requestedAt: "2026-05-09T09:00:00Z"; } | { ...; } | { ...; }'
    libs/src/lib/shared-types/mocks/index.ts:676:4:
[37m      676 │     [32muserId: 'usr_003'[37m,
          ╵     [32m~~~~~~~~~~~~~~~~~[0m
[31mX [41;31m[[41;97mERROR[41;31m][0m [1mTS2322: Type 'string' is not assignable to type '"cm_001" | "cm_002" | "cm_003"'.[0m [1m[35m[plugin angular-compiler][0m
    admin-portal/src/app/core/admin-data.service.ts:171:6:
[37m      171 │       [32mcommitteeId[37m,
          ╵       [32m~~~~~~~~~~~[0m
  The expected type comes from property 'committeeId' which is declared here on type '{ readonly id: "req_001"; readonly userId: "usr_003"; readonly committeeId: "cm_001"; readonly status: "Pending"; readonly riskFlag: false; readonly requestedAt: "2026-05-09T09:00:00Z"; } | { ...; } | { ...; }'
    libs/src/lib/shared-types/mocks/index.ts:677:4:
[37m      677 │     [32mcommitteeId: 'cm_001'[37m,
          ╵     [32m~~~~~~~~~~~~~~~~~~~~~[0m
[31mX [41;31m[[41;97mERROR[41;31m][0m [1mTS2322: Type 'string' is not assignable to type '"2026-05-09T09:00:00Z" | "2026-05-08T13:15:00Z" | "2026-05-06T11:30:00Z"'.[0m [1m[35m[plugin angular-compiler][0m
    admin-portal/src/app/core/admin-data.service.ts:174:6:
[37m      174 │       [32mrequestedAt[37m: new Date().toISOString(),
          ╵       [32m~~~~~~~~~~~[0m
  The expected type comes from property 'requestedAt' which is declared here on type '{ readonly id: "req_001"; readonly userId: "usr_003"; readonly committeeId: "cm_001"; readonly status: "Pending"; readonly risk[39m[22m[1m[31mFlag: false; readonly requestedAt: "2026-05-09T09:00:00Z"; } | { ...; } | { ...; }'
    libs/src/lib/shared-types/mocks/index.ts:680:4:
[37m      680 │     [32mrequestedAt: '2026-05-09T09:00:00Z'[37m,
          ╵     [32m~~~~~~~~~~~~~~~~~~~~~~~~~~~~~~~~~~~[0m
[31mX [41;31m[[41;97mERROR[41;31m][0m [1mTS2345: Argument of type 'string' is not assignable to parameter of type '"cm_001" | "cm_002" | "cm_003"'.[0m [1m[35m[plugin angular-compiler][0m
    admin-portal/src/app/core/admin-data.service.ts:187:62:
[37m      187 │ ...filter(c => approvedIds.includes([32mc.id[37m) || c.leaderId === userId);
          ╵                                     [32m~~~~[0m
[39m[22m
[33m>[39m Changes detected. Rebuilding...
[32m√[39m Changes detected. Rebuilding...
[37mApplication bundle generation failed. [0.570 seconds] - 2026-05-10T15:52:31.388Z
[39m
[1m[31m[31mX [41;31m[[41;97mERROR[41;31m][0m [1mTS2322: Type '({ readonly id: "req_001"; readonly userId: "usr_003"; readonly committeeId: "cm_001"; readonly status: "Pending"; readonly riskFlag: false; readonly requestedAt: "2026-05-09T09:00:00Z"; } | ... 4 more ... | { ...; })[]' is not assignable to type '({ readonly id: "req_001"; readonly userId: "usr_003"; readonly committeeId: "cm_001"; readonly status: "Pending"; readonly riskFlag: false; readonly requestedAt: "2026-05-09T09:00:00Z"; } | { ...; } | { ...; })[]'.
  Type '{ readonly id: "req_001"; readonly userId: "usr_003"; readonly committeeId: "cm_001"; readonly status: "Pending"; readonly riskFlag: false; readonly requestedAt: "2026-05-09T09:00:00Z"; } | ... 4 more ... | { ...; }' is not assignable to type '{ readonly id: "req_001"; readonly userId: "usr_003"; readonly committeeId: "cm_001"; readonly status: "Pending"; readonly riskFlag: false; readonly requestedAt: "2026-05-09T09:00:00Z"; } | { ...; } | { ...; }'.
    Type '{ status: "Approved"; reviewedAt: string; id: "req_001"; userId: "usr_003"; committeeId: "cm_001"; riskFlag: false; requestedAt: "2026-05-09T09:00:00Z"; }' is not assignable to type '{ readonly id: "req_001"; readonly userId: "usr_003"; readonly committeeId: "cm_001"; readonly status: "Pending"; readonly riskFlag: false; readonly requestedAt: "2026-05-09T09:00:00Z"; } | { ...; } | { ...; }'.
      Property 'reviewedBy' is missing in type '{ status: "Approved"; reviewedAt: string; id: "req_001"; userId: "usr_003"; committeeId: "cm_001"; riskFlag: false; requestedAt: "2026-05-09T09:00:00Z"; }' but required in type '{ readonly id: "req_003"; readonly userId: "usr_002"; readonly committeeId: "cm_003"; readonly status: "Approved"; readonly riskFlag: false; readonly reviewedBy: "admin_001"; readonly requestedAt: "2026-05-06T11:30:00Z"; readonly reviewedAt: "2026-05-07T10:00:00Z"; }'.[0m [1m[35m[plugin angular-compiler][0m
    admin-portal/src/app/core/admin-data.service.ts:152:6:
[37[39m[22m
[1m[31mm      152 │       [32mlist.map(r => r.id === id ? { ...r, status: 'Approved' as c[37m...
          ╵       [32m~~~~~~~~~~~~~~~~~~~~~~~~~~~~~~~~~~~~~~~~~~~~~~~~~~~~~~~~~~~[0m
  'reviewedBy' is declared here.
    libs/src/lib/shared-types/mocks/index.ts:697:4:
[37m      697 │     [32mreviewedBy: 'admin_001'[37m,
          ╵     [32m~~~~~~~~~~~~~~~~~~~~~~~[0m
  The expected type comes from the return type of this signature.
    node_modules/@angular/core/types/_chrome_dev_tools_performance-chunk.d.ts:28:21:
[37m      28 │     update(updateFn: [32m(value: T) => T[37m): void;
         ╵                      [32m~~~~~~~~~~~~~~~[0m
[31mX [41;31m[[41;97mERROR[41;31m][0m [1mTS2322: Type '({ readonly id: "req_001"; readonly userId: "usr_003"; readonly committeeId: "cm_001"; readonly status: "Pending"; readonly riskFlag: false; readonly requestedAt: "2026-05-09T09:00:00Z"; } | ... 4 more ... | { ...; })[]' is not assignable to type '({ readonly id: "req_001"; readonly userId: "usr_003"; readonly committeeId: "cm_001"; readonly status: "Pending"; readonly riskFlag: false; readonly requestedAt: "2026-05-09T09:00:00Z"; } | { ...; } | { ...; })[]'.
  Type '{ readonly id: "req_001"; readonly userId: "usr_003"; readonly committeeId: "cm_001"; readonly status: "Pending"; readonly riskFlag: false; readonly requestedAt: "2026-05-09T09:00:00Z"; } | ... 4 more ... | { ...; }' is not assignable to type '{ readonly id: "req_001"; readonly userId: "usr_003"; readonly committeeId: "cm_001"; readonly status: "Pending"; readonly riskFlag: false; readonly requestedAt: "2026-05-09T09:00:00Z"; } | { ...; } | { ...; }'.
    Type '{ status: "Rejected"; reviewedAt: string; id: "req_001"; userId: "usr_003"; committeeId: "cm_001"; riskFlag: false; requestedAt: "2026-05-09T09:00:00Z"; }' is not assignable to type '{ readonly id: "req_001"; readonly userId: "usr_003"; readonly committeeId: "cm_001"; readonly status: "Pending"; readonly riskFlag: false; readonly requestedAt: [39m[22m[1m[31m"2026-05-09T09:00:00Z"; } | { ...; } | { ...; }'.
      Type '{ status: "Rejected"; reviewedAt: string; id: "req_001"; userId: "usr_003"; committeeId: "cm_001"; riskFlag: false; requestedAt: "2026-05-09T09:00:00Z"; }' is not assignable to type '{ readonly id: "req_001"; readonly userId: "usr_003"; readonly committeeId: "cm_001"; readonly status: "Pending"; readonly riskFlag: false; readonly requestedAt: "2026-05-09T09:00:00Z"; }'.
        Types of property 'status' are incompatible.
          Type '"Rejected"' is not assignable to type '"Pending"'.[0m [1m[35m[plugin angular-compiler][0m
    admin-portal/src/app/core/admin-data.service.ts:161:6:
[37m      161 │       [32mlist.map(r => r.id === id ? { ...r, status: 'Rejected' as c[37m...
          ╵       [32m~~~~~~~~~~~~~~~~~~~~~~~~~~~~~~~~~~~~~~~~~~~~~~~~~~~~~~~~~~~[0m
  The expected type comes from the return type of this signature.
    node_modules/@angular/core/types/_chrome_dev_tools_performance-chunk.d.ts:28:21:
[37m      28 │     update(updateFn: [32m(value: T) => T[37m): void;
         ╵                      [32m~~~~~~~~~~~~~~~[0m
[31mX [41;31m[[41;97mERROR[41;31m][0m [1mTS2322: Type 'string' is not assignable to type '"req_001" | "req_002" | "req_003"'.[0m [1m[35m[plugin angular-compiler][0m
    admin-portal/src/app/core/admin-data.service.ts:169:6:
[37m      169 │       [32mid[37m: 'req_' + Date.now(),
          ╵       [32m~~[0m
  The expected type comes from property 'id' which is declared here on type '{ readonly id: "req_001"; readonly userId: "usr_003"; readonly committeeId: "cm_001"; readonly status: "Pending"; readonly riskFlag: false; readonly requestedAt: "2026-05-09T09:00:00Z"; } | { ...; } | { ...; }'
    libs/src/lib/shared-types/mocks/index.ts:675:4:
[37m      675 │     [32mid: 'req_001'[37m,
          ╵     [32m~~~~~~~~~~~~~[0m
[31mX [41;31m[[41;97mERROR[41;31m][0m [1mTS2322: Type 'string' is not assignable to type '"usr_003" | "usr_004" | "[39m[22m[1m[31musr_002"'.[0m [1m[35m[plugin angular-compiler][0m
    admin-portal/src/app/core/admin-data.service.ts:170:6:
[37m      170 │       [32muserId[37m,
          ╵       [32m~~~~~~[0m
  The expected type comes from property 'userId' which is declared here on type '{ readonly id: "req_001"; readonly userId: "usr_003"; readonly committeeId: "cm_001"; readonly status: "Pending"; readonly riskFlag: false; readonly requestedAt: "2026-05-09T09:00:00Z"; } | { ...; } | { ...; }'
    libs/src/lib/shared-types/mocks/index.ts:676:4:
[37m      676 │     [32muserId: 'usr_003'[37m,
          ╵     [32m~~~~~~~~~~~~~~~~~[0m
[31mX [41;31m[[41;97mERROR[41;31m][0m [1mTS2322: Type 'string' is not assignable to type '"cm_001" | "cm_002" | "cm_003"'.[0m [1m[35m[plugin angular-compiler][0m
    admin-portal/src/app/core/admin-data.service.ts:171:6:
[37m      171 │       [32mcommitteeId[37m,
          ╵       [32m~~~~~~~~~~~[0m
  The expected type comes from property 'committeeId' which is declared here on type '{ readonly id: "req_001"; readonly userId: "usr_003"; readonly committeeId: "cm_001"; readonly status: "Pending"; readonly riskFlag: false; readonly requestedAt: "2026-05-09T09:00:00Z"; } | { ...; } | { ...; }'
    libs/src/lib/shared-types/mocks/index.ts:677:4:
[37m      677 │     [32mcommitteeId: 'cm_001'[37m,
          ╵     [32m~~~~~~~~~~~~~~~~~~~~~[0m
[31mX [41;31m[[41;97mERROR[41;31m][0m [1mTS2322: Type 'string' is not assignable to type '"2026-05-09T09:00:00Z" | "2026-05-08T13:15:00Z" | "2026-05-06T11:30:00Z"'.[0m [1m[35m[plugin angular-compiler][0m
    admin-portal/src/app/core/admin-data.service.ts:174:6:
[37m      174 │       [32mrequestedAt[37m: new Date().toISOString(),
          ╵       [32m~~~~~~~~~~~[0m
  The expected type comes from property 'requestedAt' which is declared here on type '{ readonly id: "req_001"; readonly userId: "usr_003"; readonly committeeId: "cm_001"; readonly status: "Pending"; readonly risk[39m[22m[1m[31mFlag: false; readonly requestedAt: "2026-05-09T09:00:00Z"; } | { ...; } | { ...; }'
    libs/src/lib/shared-types/mocks/index.ts:680:4:
[37m      680 │     [32mrequestedAt: '2026-05-09T09:00:00Z'[37m,
          ╵     [32m~~~~~~~~~~~~~~~~~~~~~~~~~~~~~~~~~~~[0m
[31mX [41;31m[[41;97mERROR[41;31m][0m [1mTS2345: Argument of type 'string' is not assignable to parameter of type '"cm_001" | "cm_002" | "cm_003"'.[0m [1m[35m[plugin angular-compiler][0m
    admin-portal/src/app/core/admin-data.service.ts:187:62:
[37m      187 │ ...filter(c => approvedIds.includes([32mc.id[37m) || c.leaderId === userId);
          ╵                                     [32m~~~~[0m
[31mX [41;31m[[41;97mERROR[41;31m][0m [1mTS2322: Type '"warning"' is not assignable to type '"neutral" | "success" | "danger"'.[0m [1m[35m[plugin angular-compiler][0m
    admin-portal/src/app/pages/dashboard.component.ts:18:97:
[37m      18 │ ...[value]="data.pendingJoinRequests()" icon="📋[32m" to[37mne="warning" />
         ╵                                                [32m~~~~[0m
[31mX [41;31m[[41;97mERROR[41;31m][0m [1mTS2322: Type '"warning"' is not assignable to type '"neutral" | "success" | "danger"'.[0m [1m[35m[plugin angular-compiler][0m
    admin-portal/src/app/pages/dashboard.component.ts:19:97:
[37m      19 │ ...[value]="data.pendingPayments()"     icon="💳[32m" to[37mne="warning" />
         ╵                                                [32m~~~~[0m
[39m[22m
[33m>[39m Changes detected. Rebuilding...
[32m√[39m Changes detected. Rebuilding...
[37mApplication bundle generation failed. [0.689 seconds] - 2026-05-10T15:53:33.636Z
[39m
[1m[33m[33m▲ [43;33m[[43;30mWARNING[43;33m][0m [1mNG8113: RouterLink is not used within the template of CommitteesComponent[0m [1m[35m[plugin angular-compiler][0m
    admin-portal/src/app/pages/committees.component.ts:11:39:
[37m      11 │   imports: [CommonModule, FormsModule, [32mRouterLink[37m],
         ╵                                        [32m~~~~~~~~~~[0m
[39m[22m
[1m[31m[31mX [41;31m[[41;97mERROR[41;31m][0m [1mTS2322: Type '({ readonly id: "req_001"; readonly userId: "usr_003"; readonly committeeId: "cm_001"; readonly status: "Pending"; readonly riskFlag: false; readonly requestedAt: "2026-05-09T09:00:00Z"; } | ... 4 more ... | { ...; })[]' is not assignable to type '({ readonly id: "req_001"; readonly userId: "usr_003"; readonly committeeId: "cm_001"; readonly status: "Pending"; readonly riskFlag: false; readonly requestedAt: "2026-05-09T09:00:00Z"; } | { ...; } | { ...; })[]'.
  Type '{ readonly id: "req_001"; readonly userId: "usr_003"; readonly committeeId: "cm_001"; readonly status: "Pending"; readonly riskFlag: false; readonly requestedAt: "2026-05-09T09:00:00Z"; } | ... 4 more ... | { ...; }' is not assignable to type '{ readonly id: "req_001"; readonly userId: "usr_003"; readonly committeeId: "cm_001"; readonly status: "Pending"; readonly riskFlag: false; readonly requestedAt: "2026-05-09T09:00:00Z"; } | { ...; } | { ...; }'.
    Type '{ status: "Approved"; reviewedAt: string; id: "req_001"; userId: "usr_003"; committeeId: "cm_001"; riskFlag: false; requestedAt: "2026-05-09T09:00:00Z"; }' is not assignable to type '{ readonly id: "req_001"; readonly userId: "usr_003"; readonly committeeId: "cm_001"; readonly status: "Pending"; readonly riskFlag: false; readonly requestedAt: "2026-05-09T09:00:00Z"; } | { ...; } | { ...; }'.
      Property 'reviewedBy' is missing in type '{ status: "Approved"; reviewedAt: string; id: "req_001"; userId: "usr_003"; committeeId: "cm_001"; riskFlag: false; requestedAt: "2026-05-09T09:00:00Z"; }' but required in type '{ readonly id: "req_003"; readonly userId: "usr_002"; readonly committeeId: "cm_003"; readonly status: "Approved"; readonly riskFlag: false; readonly reviewedBy: "admin_001"; readonly requestedAt: "2026-05-06T11:30:00Z"; readonly reviewedAt: "2026-05-07T10:00:00Z"; }'.[0m [1m[35m[plugin angular-compiler][0m
    admin-portal/src/app/core/admin-data.service.ts:152:6:
[37[39m[22m[1m[31mm      152 │       [32mlist.map(r => r.id === id ? { ...r, status: 'Approved' as c[37m...
          ╵       [32m~~~~~~~~~~~~~~~~~~~~~~~~~~~~~~~~~~~~~~~~~~~~~~~~~~~~~~~~~~~[0m
  'reviewedBy' is declared here.
    libs/src/lib/shared-types/mocks/index.ts:697:4:
[37m      697 │     [32mreviewedBy: 'admin_001'[37m,
          ╵     [32m~~~~~~~~~~~~~~~~~~~~~~~[0m
  The expected type comes from the return type of this signature.
    node_modules/@angular/core/types/_chrome_dev_tools_performance-chunk.d.ts:28:21:
[37m      28 │     update(updateFn: [32m(value: T) => T[37m): void;
         ╵                      [32m~~~~~~~~~~~~~~~[0m
[31mX [41;31m[[41;97mERROR[41;31m][0m [1mTS2322: Type '({ readonly id: "req_001"; readonly userId: "usr_003"; readonly committeeId: "cm_001"; readonly status: "Pending"; readonly riskFlag: false; readonly requestedAt: "2026-05-09T09:00:00Z"; } | ... 4 more ... | { ...; })[]' is not assignable to type '({ readonly id: "req_001"; readonly userId: "usr_003"; readonly committeeId: "cm_001"; readonly status: "Pending"; readonly riskFlag: false; readonly requestedAt: "2026-05-09T09:00:00Z"; } | { ...; } | { ...; })[]'.
  Type '{ readonly id: "req_001"; readonly userId: "usr_003"; readonly committeeId: "cm_001"; readonly status: "Pending"; readonly riskFlag: false; readonly requestedAt: "2026-05-09T09:00:00Z"; } | ... 4 more ... | { ...; }' is not assignable to type '{ readonly id: "req_001"; readonly userId: "usr_003"; readonly committeeId: "cm_001"; readonly status: "Pending"; readonly riskFlag: false; readonly requestedAt: "2026-05-09T09:00:00Z"; } | { ...; } | { ...; }'.
    Type '{ status: "Rejected"; reviewedAt: string; id: "req_001"; userId: "usr_003"; committeeId: "cm_001"; riskFlag: false; requestedAt: "2026-05-09T09:00:00Z"; }' is not assignable to type '{ readonly id: "req_001"; readonly userId: "usr_003"; readonly committeeId: "cm_001"; readonly status: "Pending"; readonly riskFlag: false; readonly requestedAt: [39m[22m
[1m[31m"2026-05-09T09:00:00Z"; } | { ...; } | { ...; }'.
      Type '{ status: "Rejected"; reviewedAt: string; id: "req_001"; userId: "usr_003"; committeeId: "cm_001"; riskFlag: false; requestedAt: "2026-05-09T09:00:00Z"; }' is not assignable to type '{ readonly id: "req_001"; readonly userId: "usr_003"; readonly committeeId: "cm_001"; readonly status: "Pending"; readonly riskFlag: false; readonly requestedAt: "2026-05-09T09:00:00Z"; }'.
        Types of property 'status' are incompatible.
          Type '"Rejected"' is not assignable to type '"Pending"'.[0m [1m[35m[plugin angular-compiler][0m
    admin-portal/src/app/core/admin-data.service.ts:161:6:
[37m      161 │       [32mlist.map(r => r.id === id ? { ...r, status: 'Rejected' as c[37m...
          ╵       [32m~~~~~~~~~~~~~~~~~~~~~~~~~~~~~~~~~~~~~~~~~~~~~~~~~~~~~~~~~~~[0m
  The expected type comes from the return type of this signature.
    node_modules/@angular/core/types/_chrome_dev_tools_performance-chunk.d.ts:28:21:
[37m      28 │     update(updateFn: [32m(value: T) => T[37m): void;
         ╵                      [32m~~~~~~~~~~~~~~~[0m
[31mX [41;31m[[41;97mERROR[41;31m][0m [1mTS2322: Type 'string' is not assignable to type '"req_001" | "req_002" | "req_003"'.[0m [1m[35m[plugin angular-compiler][0m
    admin-portal/src/app/core/admin-data.service.ts:169:6:
[37m      169 │       [32mid[37m: 'req_' + Date.now(),
          ╵       [32m~~[0m
  The expected type comes from property 'id' which is declared here on type '{ readonly id: "req_001"; readonly userId: "usr_003"; readonly committeeId: "cm_001"; readonly status: "Pending"; readonly riskFlag: false; readonly requestedAt: "2026-05-09T09:00:00Z"; } | { ...; } | { ...; }'
    libs/src/lib/shared-types/mocks/index.ts:675:4:
[37m      675 │     [32mid: 'req_001'[37m,
          ╵     [32m~~~~~~~~~~~~~[0m
[31mX [41;31m[[41;97mERROR[41;31m][0m [1mTS2322: Type 'string' is not assignable to type '"usr_003" | "usr_004" | "[39m[22m[1m[31musr_002"'.[0m [1m[35m[plugin angular-compiler][0m
    admin-portal/src/app/core/admin-data.service.ts:170:6:
[37m      170 │       [32muserId[37m,
          ╵       [32m~~~~~~[0m
  The expected type comes from property 'userId' which is declared here on type '{ readonly id: "req_001"; readonly userId: "usr_003"; readonly committeeId: "cm_001"; readonly status: "Pending"; readonly riskFlag: false; readonly requestedAt: "2026-05-09T09:00:00Z"; } | { ...; } | { ...; }'
    libs/src/lib/shared-types/mocks/index.ts:676:4:
[37m      676 │     [32muserId: 'usr_003'[37m,
          ╵     [32m~~~~~~~~~~~~~~~~~[0m
[31mX [41;31m[[41;97mERROR[41;31m][0m [1mTS2322: Type 'string' is not assignable to type '"cm_001" | "cm_002" | "cm_003"'.[0m [1m[35m[plugin angular-compiler][0m
    admin-portal/src/app/core/admin-data.service.ts:171:6:
[37m      171 │       [32mcommitteeId[37m,
          ╵       [32m~~~~~~~~~~~[0m
  The expected type comes from property 'committeeId' which is declared here on type '{ readonly id: "req_001"; readonly userId: "usr_003"; readonly committeeId: "cm_001"; readonly status: "Pending"; readonly riskFlag: false; readonly requestedAt: "2026-05-09T09:00:00Z"; } | { ...; } | { ...; }'
    libs/src/lib/shared-types/mocks/index.ts:677:4:
[37m      677 │     [32mcommitteeId: 'cm_001'[37m,
          ╵     [32m~~~~~~~~~~~~~~~~~~~~~[0m
[31mX [41;31m[[41;97mERROR[41;31m][0m [1mTS2322: Type 'string' is not assignable to type '"2026-05-09T09:00:00Z" | "2026-05-08T13:15:00Z" | "2026-05-06T11:30:00Z"'.[0m [1m[35m[plugin angular-compiler][0m
    admin-portal/src/app/core/admin-data.service.ts:174:6:
[37m      174 │       [32mrequestedAt[37m: new Date().toISOString(),
          ╵       [32m~~~~~~~~~~~[0m
  The expected type comes from property 'requestedAt' which is declared here on type '{ readonly id: "req_001"; readonly userId: "usr_003"; readonly committeeId: "cm_001"; readonly status: "Pending"; readonly risk[39m[22m[1m[31mFlag: false; readonly requestedAt: "2026-05-09T09:00:00Z"; } | { ...; } | { ...; }'
    libs/src/lib/shared-types/mocks/index.ts:680:4:
[37m      680 │     [32mrequestedAt: '2026-05-09T09:00:00Z'[37m,
          ╵     [32m~~~~~~~~~~~~~~~~~~~~~~~~~~~~~~~~~~~[0m
[31mX [41;31m[[41;97mERROR[41;31m][0m [1mTS2345: Argument of type 'string' is not assignable to parameter of type '"cm_001" | "cm_002" | "cm_003"'.[0m [1m[35m[plugin angular-compiler][0m
    admin-portal/src/app/core/admin-data.service.ts:187:62:
[37m      187 │ ...filter(c => approvedIds.includes([32mc.id[37m) || c.leaderId === userId);
          ╵                                     [32m~~~~[0m
[31mX [41;31m[[41;97mERROR[41;31m][0m [1mTS2322: Type '"warning"' is not assignable to type '"neutral" | "success" | "danger"'.[0m [1m[35m[plugin angular-compiler][0m
    admin-portal/src/app/pages/dashboard.component.ts:18:97:
[37m      18 │ ...[value]="data.pendingJoinRequests()" icon="📋[32m" to[37mne="warning" />
         ╵                                                [32m~~~~[0m
[31mX [41;31m[[41;97mERROR[41;31m][0m [1mTS2322: Type '"warning"' is not assignable to type '"neutral" | "success" | "danger"'.[0m [1m[35m[plugin angular-compiler][0m
    admin-portal/src/app/pages/dashboard.component.ts:19:97:
[37m      19 │ ...[value]="data.pendingPayments()"     icon="💳[32m" to[37mne="warning" />
         ╵                                                [32m~~~~[0m
[39m[22m
[33m>[39m Changes detected. Rebuilding...
[32m√[39m Changes detected. Rebuilding...
[37mApplication bundle generation failed. [0.808 seconds] - 2026-05-10T15:54:09.765Z
[39m
[1m[33m[33m▲ [43;33m[[43;30mWARNING[43;33m][0m [1mNG8113: RouterLink is not used within the template of CommitteesComponent[0m [1m[35m[plugin angular-compiler][0m
    admin-portal/src/app/pages/committees.component.ts:11:39:
[37m      11 │   imports: [CommonModule, FormsModule, [32mRouterLink[37m],
         ╵                                        [32m~~~~~~~~~~[0m
[39m[22m
[1m[31m[31mX [41;31m[[41;97mERROR[41;31m][0m [1mTS2322: Type '({ readonly id: "req_001"; readonly userId: "usr_003"; readonly committeeId: "cm_001"; readonly status: "Pending"; readonly riskFlag: false; readonly requestedAt: "2026-05-09T09:00:00Z"; } | ... 4 more ... | { ...; })[]' is not assignable to type '({ readonly id: "req_001"; readonly userId: "usr_003"; readonly committeeId: "cm_001"; readonly status: "Pending"; readonly riskFlag: false; readonly requestedAt: "2026-05-09T09:00:00Z"; } | { ...; } | { ...; })[]'.
  Type '{ readonly id: "req_001"; readonly userId: "usr_003"; readonly committeeId: "cm_001"; readonly status: "Pending"; readonly riskFlag: false; readonly requestedAt: "2026-05-09T09:00:00Z"; } | ... 4 more ... | { ...; }' is not assignable to type '{ readonly id: "req_001"; readonly userId: "usr_003"; readonly committeeId: "cm_001"; readonly status: "Pending"; readonly riskFlag: false; readonly requestedAt: "2026-05-09T09:00:00Z"; } | { ...; } | { ...; }'.
    Type '{ status: "Approved"; reviewedAt: string; id: "req_001"; userId: "usr_003"; committeeId: "cm_001"; riskFlag: false; requestedAt: "2026-05-09T09:00:00Z"; }' is not assignable to type '{ readonly id: "req_001"; readonly userId: "usr_003"; readonly committeeId: "cm_001"; readonly status: "Pending"; readonly riskFlag: false; readonly requestedAt: "2026-05-09T09:00:00Z"; } | { ...; } | { ...; }'.
      Property 'reviewedBy' is missing in type '{ status: "Approved"; reviewedAt: string; id: "req_001"; userId: "usr_003"; committeeId: "cm_001"; riskFlag: false; requestedAt: "2026-05-09T09:00:00Z"; }' but required in type '{ readonly id: "req_003"; readonly userId: "usr_002"; readonly committeeId: "cm_003"; readonly status: "Approved"; readonly riskFlag: false; readonly reviewedBy: "admin_001"; readonly requestedAt: "2026-05-06T11:30:00Z"; readonly reviewedAt: "2026-05-07T10:00:00Z"; }'.[0m [1m[35m[plugin angular-compiler][0m
    admin-portal/src/app/core/admin-data.service.ts:152:6:
[37[39m[22m[1m[31mm      152 │       [32mlist.map(r => r.id === id ? { ...r, status: 'Approved' as c[37m...
          ╵       [32m~~~~~~~~~~~~~~~~~~~~~~~~~~~~~~~~~~~~~~~~~~~~~~~~~~~~~~~~~~~[0m
  'reviewedBy' is declared here.
    libs/src/lib/shared-types/mocks/index.ts:697:4:
[37m      697 │     [32mreviewedBy: 'admin_001'[37m,
          ╵     [32m~~~~~~~~~~~~~~~~~~~~~~~[0m
  The expected type comes from the return type of this signature.
    node_modules/@angular/core/types/_chrome_dev_tools_performance-chunk.d.ts:28:21:
[37m      28 │     update(updateFn: [32m(value: T) => T[37m): void;
         ╵                      [32m~~~~~~~~~~~~~~~[0m
[31mX [41;31m[[41;97mERROR[41;31m][0m [1mTS2322: Type '({ readonly id: "req_001"; readonly userId: "usr_003"; readonly committeeId: "cm_001"; readonly status: "Pending"; readonly riskFlag: false; readonly requestedAt: "2026-05-09T09:00:00Z"; } | ... 4 more ... | { ...; })[]' is not assignable to type '({ readonly id: "req_001"; readonly userId: "usr_003"; readonly committeeId: "cm_001"; readonly status: "Pending"; readonly riskFlag: false; readonly requestedAt: "2026-05-09T09:00:00Z"; } | { ...; } | { ...; })[]'.
  Type '{ readonly id: "req_001"; readonly userId: "usr_003"; readonly committeeId: "cm_001"; readonly status: "Pending"; readonly riskFlag: false; readonly requestedAt: "2026-05-09T09:00:00Z"; } | ... 4 more ... | { ...; }' is not assignable to type '{ readonly id: "req_001"; readonly userId: "usr_003"; readonly committeeId: "cm_001"; readonly status: "Pending"; readonly riskFlag: false; readonly requestedAt: "2026-05-09T09:00:00Z"; } | { ...; } | { ...; }'.
    Type '{ status: "Rejected"; reviewedAt: string; id: "req_001"; userId: "usr_003"; committeeId: "cm_001"; riskFlag: false; requestedAt: "2026-05-09T09:00:00Z"; }' is not assignable to type '{ readonly id: "req_001"; readonly userId: "usr_003"; readonly committeeId: "cm_001"; readonly status: "Pending"; readonly riskFlag: false; readonly requestedAt: [39m[22m[1m[31m"2026-05-09T09:00:00Z"; } | { ...; } | { ...; }'.
      Type '{ status: "Rejected"; reviewedAt: string; id: "req_001"; userId: "usr_003"; committeeId: "cm_001"; riskFlag: false; requestedAt: "2026-05-09T09:00:00Z"; }' is not assignable to type '{ readonly id: "req_001"; readonly userId: "usr_003"; readonly committeeId: "cm_001"; readonly status: "Pending"; readonly riskFlag: false; readonly requestedAt: "2026-05-09T09:00:00Z"; }'.
        Types of property 'status' are incompatible.
          Type '"Rejected"' is not assignable to type '"Pending"'.[0m [1m[35m[plugin angular-compiler][0m
    admin-portal/src/app/core/admin-data.service.ts:161:6:
[37m      161 │       [32mlist.map(r => r.id === id ? { ...r, status: 'Rejected' as c[37m...
          ╵       [32m~~~~~~~~~~~~~~~~~~~~~~~~~~~~~~~~~~~~~~~~~~~~~~~~~~~~~~~~~~~[0m
  The expected type comes from the return type of this signature.
    node_modules/@angular/core/types/_chrome_dev_tools_performance-chunk.d.ts:28:21:
[37m      28 │     update(updateFn: [32m(value: T) => T[37m): void;
         ╵                      [32m~~~~~~~~~~~~~~~[0m
[31mX [41;31m[[41;97mERROR[41;31m][0m [1mTS2322: Type 'string' is not assignable to type '"req_001" | "req_002" | "req_003"'.[0m [1m[35m[plugin angular-compiler][0m
    admin-portal/src/app/core/admin-data.service.ts:169:6:
[37m      169 │       [32mid[37m: 'req_' + Date.now(),
          ╵       [32m~~[0m
  The expected type comes from property 'id' which is declared here on type '{ readonly id: "req_001"; readonly userId: "usr_003"; readonly committeeId: "cm_001"; readonly status: "Pending"; readonly riskFlag: false; readonly requestedAt: "2026-05-09T09:00:00Z"; } | { ...; } | { ...; }'
    libs/src/lib/shared-types/mocks/index.ts:675:4:
[37m      675 │     [32mid: 'req_001'[37m,
          ╵     [32m~~~~~~~~~~~~~[0m
[31mX [41;31m[[41;97mERROR[41;31m][0m [1mTS2322: Type 'string' is not assignable to type '"usr_003" | "usr_004" | "[39m[22m
[1m[31musr_002"'.[0m [1m[35m[plugin angular-compiler][0m
    admin-portal/src/app/core/admin-data.service.ts:170:6:
[37m      170 │       [32muserId[37m,
          ╵       [32m~~~~~~[0m
  The expected type comes from property 'userId' which is declared here on type '{ readonly id: "req_001"; readonly userId: "usr_003"; readonly committeeId: "cm_001"; readonly status: "Pending"; readonly riskFlag: false; readonly requestedAt: "2026-05-09T09:00:00Z"; } | { ...; } | { ...; }'
    libs/src/lib/shared-types/mocks/index.ts:676:4:
[37m      676 │     [32muserId: 'usr_003'[37m,
          ╵     [32m~~~~~~~~~~~~~~~~~[0m
[31mX [41;31m[[41;97mERROR[41;31m][0m [1mTS2322: Type 'string' is not assignable to type '"cm_001" | "cm_002" | "cm_003"'.[0m [1m[35m[plugin angular-compiler][0m
    admin-portal/src/app/core/admin-data.service.ts:171:6:
[37m      171 │       [32mcommitteeId[37m,
          ╵       [32m~~~~~~~~~~~[0m
  The expected type comes from property 'committeeId' which is declared here on type '{ readonly id: "req_001"; readonly userId: "usr_003"; readonly committeeId: "cm_001"; readonly status: "Pending"; readonly riskFlag: false; readonly requestedAt: "2026-05-09T09:00:00Z"; } | { ...; } | { ...; }'
    libs/src/lib/shared-types/mocks/index.ts:677:4:
[37m      677 │     [32mcommitteeId: 'cm_001'[37m,
          ╵     [32m~~~~~~~~~~~~~~~~~~~~~[0m
[31mX [41;31m[[41;97mERROR[41;31m][0m [1mTS2322: Type 'string' is not assignable to type '"2026-05-09T09:00:00Z" | "2026-05-08T13:15:00Z" | "2026-05-06T11:30:00Z"'.[0m [1m[35m[plugin angular-compiler][0m
    admin-portal/src/app/core/admin-data.service.ts:174:6:
[37m      174 │       [32mrequestedAt[37m: new Date().toISOString(),
          ╵       [32m~~~~~~~~~~~[0m
  The expected type comes from property 'requestedAt' which is declared here on type '{ readonly id: "req_001"; readonly userId: "usr_003"; readonly committeeId: "cm_001"; readonly status: "Pending"; readonly risk[39m[22m[1m[31mFlag: false; readonly requestedAt: "2026-05-09T09:00:00Z"; } | { ...; } | { ...; }'
    libs/src/lib/shared-types/mocks/index.ts:680:4:
[37m      680 │     [32mrequestedAt: '2026-05-09T09:00:00Z'[37m,
          ╵     [32m~~~~~~~~~~~~~~~~~~~~~~~~~~~~~~~~~~~[0m
[31mX [41;31m[[41;97mERROR[41;31m][0m [1mTS2345: Argument of type 'string' is not assignable to parameter of type '"cm_001" | "cm_002" | "cm_003"'.[0m [1m[35m[plugin angular-compiler][0m
    admin-portal/src/app/core/admin-data.service.ts:187:62:
[37m      187 │ ...filter(c => approvedIds.includes([32mc.id[37m) || c.leaderId === userId);
          ╵                                     [32m~~~~[0m
[31mX [41;31m[[41;97mERROR[41;31m][0m [1mTS2322: Type '"warning"' is not assignable to type '"neutral" | "success" | "danger"'.[0m [1m[35m[plugin angular-compiler][0m
    admin-portal/src/app/pages/dashboard.component.ts:18:97:
[37m      18 │ ...[value]="data.pendingJoinRequests()" icon="📋[32m" to[37mne="warning" />
         ╵                                                [32m~~~~[0m
[31mX [41;31m[[41;97mERROR[41;31m][0m [1mTS2322: Type '"warning"' is not assignable to type '"neutral" | "success" | "danger"'.[0m [1m[35m[plugin angular-compiler][0m
    admin-portal/src/app/pages/dashboard.component.ts:19:97:
[37m      19 │ ...[value]="data.pendingPayments()"     icon="💳[32m" to[37mne="warning" />
         ╵                                                [32m~~~~[0m
[39m[22m
[33m>[39m Changes detected. Rebuilding...
[32m√[39m Changes detected. Rebuilding...
[37mApplication bundle generation failed. [0.616 seconds] - 2026-05-10T15:54:42.771Z
[39m
[1m[33m[33m▲ [43;33m[[43;30mWARNING[43;33m][0m [1mNG8113: RouterLink is not used within the template of CommitteesComponent[0m [1m[35m[plugin angular-compiler][0m
    admin-portal/src/app/pages/committees.component.ts:11:39:
[37m      11 │   imports: [CommonModule, FormsModule, [32mRouterLink[37m],
         ╵                                        [32m~~~~~~~~~~[0m
[39m[22m
[1m[31m[31mX [41;31m[[41;97mERROR[41;31m][0m [1mTS2322: Type '({ readonly id: "req_001"; readonly userId: "usr_003"; readonly committeeId: "cm_001"; readonly status: "Pending"; readonly riskFlag: false; readonly requestedAt: "2026-05-09T09:00:00Z"; } | ... 4 more ... | { ...; })[]' is not assignable to type '({ readonly id: "req_001"; readonly userId: "usr_003"; readonly committeeId: "cm_001"; readonly status: "Pending"; readonly riskFlag: false; readonly requestedAt: "2026-05-09T09:00:00Z"; } | { ...; } | { ...; })[]'.
  Type '{ readonly id: "req_001"; readonly userId: "usr_003"; readonly committeeId: "cm_001"; readonly status: "Pending"; readonly riskFlag: false; readonly requestedAt: "2026-05-09T09:00:00Z"; } | ... 4 more ... | { ...; }' is not assignable to type '{ readonly id: "req_001"; readonly userId: "usr_003"; readonly committeeId: "cm_001"; readonly status: "Pending"; readonly riskFlag: false; readonly requestedAt: "2026-05-09T09:00:00Z"; } | { ...; } | { ...; }'.
    Type '{ status: "Approved"; reviewedAt: string; id: "req_001"; userId: "usr_003"; committeeId: "cm_001"; riskFlag: false; requestedAt: "2026-05-09T09:00:00Z"; }' is not assignable to type '{ readonly id: "req_001"; readonly userId: "usr_003"; readonly committeeId: "cm_001"; readonly status: "Pending"; readonly riskFlag: false; readonly requestedAt: "2026-05-09T09:00:00Z"; } | { ...; } | { ...; }'.
      Property 'reviewedBy' is missing in type '{ status: "Approved"; reviewedAt: string; id: "req_001"; userId: "usr_003"; committeeId: "cm_001"; riskFlag: false; requestedAt: "2026-05-09T09:00:00Z"; }' but required in type '{ readonly id: "req_003"; readonly userId: "usr_002"; readonly committeeId: "cm_003"; readonly status: "Approved"; readonly riskFlag: false; readonly reviewedBy: "admin_001"; readonly requestedAt: "2026-05-06T11:30:00Z"; readonly reviewedAt: "2026-05-07T10:00:00Z"; }'.[0m [1m[35m[plugin angular-compiler][0m
    admin-portal/src/app/core/admin-data.service.ts:152:6:
[37[39m[22m
[1m[31mm      152 │       [32mlist.map(r => r.id === id ? { ...r, status: 'Approved' as c[37m...
          ╵       [32m~~~~~~~~~~~~~~~~~~~~~~~~~~~~~~~~~~~~~~~~~~~~~~~~~~~~~~~~~~~[0m
  'reviewedBy' is declared here.
    libs/src/lib/shared-types/mocks/index.ts:697:4:
[37m      697 │     [32mreviewedBy: 'admin_001'[37m,
          ╵     [32m~~~~~~~~~~~~~~~~~~~~~~~[0m
  The expected type comes from the return type of this signature.
    node_modules/@angular/core/types/_chrome_dev_tools_performance-chunk.d.ts:28:21:
[37m      28 │     update(updateFn: [32m(value: T) => T[37m): void;
         ╵                      [32m~~~~~~~~~~~~~~~[0m
[31mX [41;31m[[41;97mERROR[41;31m][0m [1mTS2322: Type '({ readonly id: "req_001"; readonly userId: "usr_003"; readonly committeeId: "cm_001"; readonly status: "Pending"; readonly riskFlag: false; readonly requestedAt: "2026-05-09T09:00:00Z"; } | ... 4 more ... | { ...; })[]' is not assignable to type '({ readonly id: "req_001"; readonly userId: "usr_003"; readonly committeeId: "cm_001"; readonly status: "Pending"; readonly riskFlag: false; readonly requestedAt: "2026-05-09T09:00:00Z"; } | { ...; } | { ...; })[]'.
  Type '{ readonly id: "req_001"; readonly userId: "usr_003"; readonly committeeId: "cm_001"; readonly status: "Pending"; readonly riskFlag: false; readonly requestedAt: "2026-05-09T09:00:00Z"; } | ... 4 more ... | { ...; }' is not assignable to type '{ readonly id: "req_001"; readonly userId: "usr_003"; readonly committeeId: "cm_001"; readonly status: "Pending"; readonly riskFlag: false; readonly requestedAt: "2026-05-09T09:00:00Z"; } | { ...; } | { ...; }'.
    Type '{ status: "Rejected"; reviewedAt: string; id: "req_001"; userId: "usr_003"; committeeId: "cm_001"; riskFlag: false; requestedAt: "2026-05-09T09:00:00Z"; }' is not assignable to type '{ readonly id: "req_001"; readonly userId: "usr_003"; readonly committeeId: "cm_001"; readonly status: "Pending"; readonly riskFlag: false; readonly requestedAt: [39m[22m[1m[31m"2026-05-09T09:00:00Z"; } | { ...; } | { ...; }'.
      Type '{ status: "Rejected"; reviewedAt: string; id: "req_001"; userId: "usr_003"; committeeId: "cm_001"; riskFlag: false; requestedAt: "2026-05-09T09:00:00Z"; }' is not assignable to type '{ readonly id: "req_001"; readonly userId: "usr_003"; readonly committeeId: "cm_001"; readonly status: "Pending"; readonly riskFlag: false; readonly requestedAt: "2026-05-09T09:00:00Z"; }'.
        Types of property 'status' are incompatible.
          Type '"Rejected"' is not assignable to type '"Pending"'.[0m [1m[35m[plugin angular-compiler][0m
    admin-portal/src/app/core/admin-data.service.ts:161:6:
[37m      161 │       [32mlist.map(r => r.id === id ? { ...r, status: 'Rejected' as c[37m...
          ╵       [32m~~~~~~~~~~~~~~~~~~~~~~~~~~~~~~~~~~~~~~~~~~~~~~~~~~~~~~~~~~~[0m
  The expected type comes from the return type of this signature.
    node_modules/@angular/core/types/_chrome_dev_tools_performance-chunk.d.ts:28:21:
[37m      28 │     update(updateFn: [32m(value: T) => T[37m): void;
         ╵                      [32m~~~~~~~~~~~~~~~[0m
[31mX [41;31m[[41;97mERROR[41;31m][0m [1mTS2322: Type 'string' is not assignable to type '"req_001" | "req_002" | "req_003"'.[0m [1m[35m[plugin angular-compiler][0m
    admin-portal/src/app/core/admin-data.service.ts:169:6:
[37m      169 │       [32mid[37m: 'req_' + Date.now(),
          ╵       [32m~~[0m
  The expected type comes from property 'id' which is declared here on type '{ readonly id: "req_001"; readonly userId: "usr_003"; readonly committeeId: "cm_001"; readonly status: "Pending"; readonly riskFlag: false; readonly requestedAt: "2026-05-09T09:00:00Z"; } | { ...; } | { ...; }'
    libs/src/lib/shared-types/mocks/index.ts:675:4:
[37m      675 │     [32mid: 'req_001'[37m,
          ╵     [32m~~~~~~~~~~~~~[0m
[31mX [41;31m[[41;97mERROR[41;31m][0m [1mTS2322: Type 'string' is not assignable to type '"usr_003" | "usr_004" | "[39m[22m[1m[31musr_002"'.[0m [1m[35m[plugin angular-compiler][0m
    admin-portal/src/app/core/admin-data.service.ts:170:6:
[37m      170 │       [32muserId[37m,
          ╵       [32m~~~~~~[0m
  The expected type comes from property 'userId' which is declared here on type '{ readonly id: "req_001"; readonly userId: "usr_003"; readonly committeeId: "cm_001"; readonly status: "Pending"; readonly riskFlag: false; readonly requestedAt: "2026-05-09T09:00:00Z"; } | { ...; } | { ...; }'
    libs/src/lib/shared-types/mocks/index.ts:676:4:
[37m      676 │     [32muserId: 'usr_003'[37m,
          ╵     [32m~~~~~~~~~~~~~~~~~[0m
[31mX [41;31m[[41;97mERROR[41;31m][0m [1mTS2322: Type 'string' is not assignable to type '"cm_001" | "cm_002" | "cm_003"'.[0m [1m[35m[plugin angular-compiler][0m
    admin-portal/src/app/core/admin-data.service.ts:171:6:
[37m      171 │       [32mcommitteeId[37m,
          ╵       [32m~~~~~~~~~~~[0m
  The expected type comes from property 'committeeId' which is declared here on type '{ readonly id: "req_001"; readonly userId: "usr_003"; readonly committeeId: "cm_001"; readonly status: "Pending"; readonly riskFlag: false; readonly requestedAt: "2026-05-09T09:00:00Z"; } | { ...; } | { ...; }'
    libs/src/lib/shared-types/mocks/index.ts:677:4:
[37m      677 │     [32mcommitteeId: 'cm_001'[37m,
          ╵     [32m~~~~~~~~~~~~~~~~~~~~~[0m
[31mX [41;31m[[41;97mERROR[41;31m][0m [1mTS2322: Type 'string' is not assignable to type '"2026-05-09T09:00:00Z" | "2026-05-08T13:15:00Z" | "2026-05-06T11:30:00Z"'.[0m [1m[35m[plugin angular-compiler][0m
    admin-portal/src/app/core/admin-data.service.ts:174:6:
[37m      174 │       [32mrequestedAt[37m: new Date().toISOString(),
          ╵       [32m~~~~~~~~~~~[0m
  The expected type comes from property 'requestedAt' which is declared here on type '{ readonly id: "req_001"; readonly userId: "usr_003"; readonly committeeId: "cm_001"; readonly status: "Pending"; readonly risk[39m[22m[1m[31mFlag: false; readonly requestedAt: "2026-05-09T09:00:00Z"; } | { ...; } | { ...; }'
    libs/src/lib/shared-types/mocks/index.ts:680:4:
[37m      680 │     [32mrequestedAt: '2026-05-09T09:00:00Z'[37m,
          ╵     [32m~~~~~~~~~~~~~~~~~~~~~~~~~~~~~~~~~~~[0m
[31mX [41;31m[[41;97mERROR[41;31m][0m [1mTS2345: Argument of type 'string' is not assignable to parameter of type '"cm_001" | "cm_002" | "cm_003"'.[0m [1m[35m[plugin angular-compiler][0m
    admin-portal/src/app/core/admin-data.service.ts:187:62:
[37m      187 │ ...filter(c => approvedIds.includes([32mc.id[37m) || c.leaderId === userId);
          ╵                                     [32m~~~~[0m
[31mX [41;31m[[41;97mERROR[41;31m][0m [1mTS2322: Type '"warning"' is not assignable to type '"neutral" | "success" | "danger"'.[0m [1m[35m[plugin angular-compiler][0m
    admin-portal/src/app/pages/dashboard.component.ts:18:97:
[37m      18 │ ...[value]="data.pendingJoinRequests()" icon="📋[32m" to[37mne="warning" />
         ╵                                                [32m~~~~[0m
[31mX [41;31m[[41;97mERROR[41;31m][0m [1mTS2322: Type '"warning"' is not assignable to type '"neutral" | "success" | "danger"'.[0m [1m[35m[plugin angular-compiler][0m
    admin-portal/src/app/pages/dashboard.component.ts:19:97:
[37m      19 │ ...[value]="data.pendingPayments()"     icon="💳[32m" to[37mne="warning" />
         ╵                                                [32m~~~~[0m
[39m[22m
[33m>[39m Changes detected. Rebuilding...
[32m√[39m Changes detected. Rebuilding...
[37mApplication bundle generation failed. [0.700 seconds] - 2026-05-10T15:55:17.866Z
[39m
[1m[33m[33m▲ [43;33m[[43;30mWARNING[43;33m][0m [1mNG8113: RouterLink is not used within the template of CommitteesComponent[0m [1m[35m[plugin angular-compiler][0m
    admin-portal/src/app/pages/committees.component.ts:11:39:
[37m      11 │   imports: [CommonModule, FormsModule, [32mRouterLink[37m],
         ╵                                        [32m~~~~~~~~~~[0m
[39m[22m
[1m[31m[31mX [41;31m[[41;97mERROR[41;31m][0m [1mTS2322: Type '({ readonly id: "req_001"; readonly userId: "usr_003"; readonly committeeId: "cm_001"; readonly status: "Pending"; readonly riskFlag: false; readonly requestedAt: "2026-05-09T09:00:00Z"; } | ... 4 more ... | { ...; })[]' is not assignable to type '({ readonly id: "req_001"; readonly userId: "usr_003"; readonly committeeId: "cm_001"; readonly status: "Pending"; readonly riskFlag: false; readonly requestedAt: "2026-05-09T09:00:00Z"; } | { ...; } | { ...; })[]'.
  Type '{ readonly id: "req_001"; readonly userId: "usr_003"; readonly committeeId: "cm_001"; readonly status: "Pending"; readonly riskFlag: false; readonly requestedAt: "2026-05-09T09:00:00Z"; } | ... 4 more ... | { ...; }' is not assignable to type '{ readonly id: "req_001"; readonly userId: "usr_003"; readonly committeeId: "cm_001"; readonly status: "Pending"; readonly riskFlag: false; readonly requestedAt: "2026-05-09T09:00:00Z"; } | { ...; } | { ...; }'.
    Type '{ status: "Approved"; reviewedAt: string; id: "req_001"; userId: "usr_003"; committeeId: "cm_001"; riskFlag: false; requestedAt: "2026-05-09T09:00:00Z"; }' is not assignable to type '{ readonly id: "req_001"; readonly userId: "usr_003"; readonly committeeId: "cm_001"; readonly status: "Pending"; readonly riskFlag: false; readonly requestedAt: "2026-05-09T09:00:00Z"; } | { ...; } | { ...; }'.
      Property 'reviewedBy' is missing in type '{ status: "Approved"; reviewedAt: string; id: "req_001"; userId: "usr_003"; committeeId: "cm_001"; riskFlag: false; requestedAt: "2026-05-09T09:00:00Z"; }' but required in type '{ readonly id: "req_003"; readonly userId: "usr_002"; readonly committeeId: "cm_003"; readonly status: "Approved"; readonly riskFlag: false; readonly reviewedBy: "admin_001"; readonly requestedAt: "2026-05-06T11:30:00Z"; readonly reviewedAt: "2026-05-07T10:00:00Z"; }'.[0m [1m[35m[plugin angular-compiler][0m
    admin-portal/src/app/core/admin-data.service.ts:152:6:
[37[39m[22m
[1m[31mm      152 │       [32mlist.map(r => r.id === id ? { ...r, status: 'Approved' as c[37m...
          ╵       [32m~~~~~~~~~~~~~~~~~~~~~~~~~~~~~~~~~~~~~~~~~~~~~~~~~~~~~~~~~~~[0m
  'reviewedBy' is declared here.
    libs/src/lib/shared-types/mocks/index.ts:697:4:
[37m      697 │     [32mreviewedBy: 'admin_001'[37m,
          ╵     [32m~~~~~~~~~~~~~~~~~~~~~~~[0m
  The expected type comes from the return type of this signature.
    node_modules/@angular/core/types/_chrome_dev_tools_performance-chunk.d.ts:28:21:
[37m      28 │     update(updateFn: [32m(value: T) => T[37m): void;
         ╵                      [32m~~~~~~~~~~~~~~~[0m
[31mX [41;31m[[41;97mERROR[41;31m][0m [1mTS2322: Type '({ readonly id: "req_001"; readonly userId: "usr_003"; readonly committeeId: "cm_001"; readonly status: "Pending"; readonly riskFlag: false; readonly requestedAt: "2026-05-09T09:00:00Z"; } | ... 4 more ... | { ...; })[]' is not assignable to type '({ readonly id: "req_001"; readonly userId: "usr_003"; readonly committeeId: "cm_001"; readonly status: "Pending"; readonly riskFlag: false; readonly requestedAt: "2026-05-09T09:00:00Z"; } | { ...; } | { ...; })[]'.
  Type '{ readonly id: "req_001"; readonly userId: "usr_003"; readonly committeeId: "cm_001"; readonly status: "Pending"; readonly riskFlag: false; readonly requestedAt: "2026-05-09T09:00:00Z"; } | ... 4 more ... | { ...; }' is not assignable to type '{ readonly id: "req_001"; readonly userId: "usr_003"; readonly committeeId: "cm_001"; readonly status: "Pending"; readonly riskFlag: false; readonly requestedAt: "2026-05-09T09:00:00Z"; } | { ...; } | { ...; }'.
    Type '{ status: "Rejected"; reviewedAt: string; id: "req_001"; userId: "usr_003"; committeeId: "cm_001"; riskFlag: false; requestedAt: "2026-05-09T09:00:00Z"; }' is not assignable to type '{ readonly id: "req_001"; readonly userId: "usr_003"; readonly committeeId: "cm_001"; readonly status: "Pending"; readonly riskFlag: false; readonly requestedAt: [39m[22m[1m[31m"2026-05-09T09:00:00Z"; } | { ...; } | { ...; }'.
      Type '{ status: "Rejected"; reviewedAt: string; id: "req_001"; userId: "usr_003"; committeeId: "cm_001"; riskFlag: false; requestedAt: "2026-05-09T09:00:00Z"; }' is not assignable to type '{ readonly id: "req_001"; readonly userId: "usr_003"; readonly committeeId: "cm_001"; readonly status: "Pending"; readonly riskFlag: false; readonly requestedAt: "2026-05-09T09:00:00Z"; }'.
        Types of property 'status' are incompatible.
          Type '"Rejected"' is not assignable to type '"Pending"'.[0m [1m[35m[plugin angular-compiler][0m
    admin-portal/src/app/core/admin-data.service.ts:161:6:
[37m      161 │       [32mlist.map(r => r.id === id ? { ...r, status: 'Rejected' as c[37m...
          ╵       [32m~~~~~~~~~~~~~~~~~~~~~~~~~~~~~~~~~~~~~~~~~~~~~~~~~~~~~~~~~~~[0m
  The expected type comes from the return type of this signature.
    node_modules/@angular/core/types/_chrome_dev_tools_performance-chunk.d.ts:28:21:
[37m      28 │     update(updateFn: [32m(value: T) => T[37m): void;
         ╵                      [32m~~~~~~~~~~~~~~~[0m
[31mX [41;31m[[41;97mERROR[41;31m][0m [1mTS2322: Type 'string' is not assignable to type '"req_001" | "req_002" | "req_003"'.[0m [1m[35m[plugin angular-compiler][0m
    admin-portal/src/app/core/admin-data.service.ts:169:6:
[37m      169 │       [32mid[37m: 'req_' + Date.now(),
          ╵       [32m~~[0m
  The expected type comes from property 'id' which is declared here on type '{ readonly id: "req_001"; readonly userId: "usr_003"; readonly committeeId: "cm_001"; readonly status: "Pending"; readonly riskFlag: false; readonly requestedAt: "2026-05-09T09:00:00Z"; } | { ...; } | { ...; }'
    libs/src/lib/shared-types/mocks/index.ts:675:4:
[37m      675 │     [32mid: 'req_001'[37m,
          ╵     [32m~~~~~~~~~~~~~[0m
[31mX [41;31m[[41;97mERROR[41;31m][0m [1mTS2322: Type 'string' is not assignable to type '"usr_003" | "usr_004" | "[39m[22m[1m[31musr_002"'.[0m [1m[35m[plugin angular-compiler][0m
    admin-portal/src/app/core/admin-data.service.ts:170:6:
[37m      170 │       [32muserId[37m,
          ╵       [32m~~~~~~[0m
  The expected type comes from property 'userId' which is declared here on type '{ readonly id: "req_001"; readonly userId: "usr_003"; readonly committeeId: "cm_001"; readonly status: "Pending"; readonly riskFlag: false; readonly requestedAt: "2026-05-09T09:00:00Z"; } | { ...; } | { ...; }'
    libs/src/lib/shared-types/mocks/index.ts:676:4:
[37m      676 │     [32muserId: 'usr_003'[37m,
          ╵     [32m~~~~~~~~~~~~~~~~~[0m
[31mX [41;31m[[41;97mERROR[41;31m][0m [1mTS2322: Type 'string' is not assignable to type '"cm_001" | "cm_002" | "cm_003"'.[0m [1m[35m[plugin angular-compiler][0m
    admin-portal/src/app/core/admin-data.service.ts:171:6:
[37m      171 │       [32mcommitteeId[37m,
          ╵       [32m~~~~~~~~~~~[0m
  The expected type comes from property 'committeeId' which is declared here on type '{ readonly id: "req_001"; readonly userId: "usr_003"; readonly committeeId: "cm_001"; readonly status: "Pending"; readonly riskFlag: false; readonly requestedAt: "2026-05-09T09:00:00Z"; } | { ...; } | { ...; }'
    libs/src/lib/shared-types/mocks/index.ts:677:4:
[37m      677 │     [32mcommitteeId: 'cm_001'[37m,
          ╵     [32m~~~~~~~~~~~~~~~~~~~~~[0m
[31mX [41;31m[[41;97mERROR[41;31m][0m [1mTS2322: Type 'string' is not assignable to type '"2026-05-09T09:00:00Z" | "2026-05-08T13:15:00Z" | "2026-05-06T11:30:00Z"'.[0m [1m[35m[plugin angular-compiler][0m
    admin-portal/src/app/core/admin-data.service.ts:174:6:
[37m      174 │       [32mrequestedAt[37m: new Date().toISOString(),
          ╵       [32m~~~~~~~~~~~[0m
  The expected type comes from property 'requestedAt' which is declared here on type '{ readonly id: "req_001"; readonly userId: "usr_003"; readonly committeeId: "cm_001"; readonly status: "Pending"; readonly risk[39m[22m[1m[31mFlag: false; readonly requestedAt: "2026-05-09T09:00:00Z"; } | { ...; } | { ...; }'
    libs/src/lib/shared-types/mocks/index.ts:680:4:
[37m      680 │     [32mrequestedAt: '2026-05-09T09:00:00Z'[37m,
          ╵     [32m~~~~~~~~~~~~~~~~~~~~~~~~~~~~~~~~~~~[0m
[31mX [41;31m[[41;97mERROR[41;31m][0m [1mTS2345: Argument of type 'string' is not assignable to parameter of type '"cm_001" | "cm_002" | "cm_003"'.[0m [1m[35m[plugin angular-compiler][0m
    admin-portal/src/app/core/admin-data.service.ts:187:62:
[37m      187 │ ...filter(c => approvedIds.includes([32mc.id[37m) || c.leaderId === userId);
          ╵                                     [32m~~~~[0m
[31mX [41;31m[[41;97mERROR[41;31m][0m [1mTS2322: Type '"warning"' is not assignable to type '"neutral" | "success" | "danger"'.[0m [1m[35m[plugin angular-compiler][0m
    admin-portal/src/app/pages/dashboard.component.ts:18:97:
[37m      18 │ ...[value]="data.pendingJoinRequests()" icon="📋[32m" to[37mne="warning" />
         ╵                                                [32m~~~~[0m
[31mX [41;31m[[41;97mERROR[41;31m][0m [1mTS2322: Type '"warning"' is not assignable to type '"neutral" | "success" | "danger"'.[0m [1m[35m[plugin angular-compiler][0m
    admin-portal/src/app/pages/dashboard.component.ts:19:97:
[37m      19 │ ...[value]="data.pendingPayments()"     icon="💳[32m" to[37mne="warning" />
         ╵                                                [32m~~~~[0m
[31mX [41;31m[[41;97mERROR[41;31m][0m [1mTS2322: Type '"warning"' is not assignable to type '"neutral" | "success" | "danger"'.[0m [1m[35m[plugin angular-compiler][0m
    admin-portal/src/app/pages/payments.component.ts:17:78:
[37m      17 │ ...Pending"  [value]="count('Pending')"  icon="⏳[32m" to[37mne="warning" />
         ╵                                                 [32m~~~~[0m
[39m[22m
[33m>[39m Changes detected. Rebuilding...
[32m√[39m Changes detected. Rebuilding...
[37mApplication bundle generation failed. [0.783 seconds] - 2026-05-10T15:55:47.909Z
[39m
[1m[33m[33m▲ [43;33m[[43;30mWARNING[43;33m][0m [1mNG8113: RouterLink is not used within the template of CommitteesComponent[0m [1m[35m[plugin angular-compiler][0m
    admin-portal/src/app/pages/committees.component.ts:11:39:
[37m      11 │   imports: [CommonModule, FormsModule, [32mRouterLink[37m],
         ╵                                        [32m~~~~~~~~~~[0m
[39m[22m
[1m[31m[31mX [41;31m[[41;97mERROR[41;31m][0m [1mTS2322: Type '({ readonly id: "req_001"; readonly userId: "usr_003"; readonly committeeId: "cm_001"; readonly status: "Pending"; readonly riskFlag: false; readonly requestedAt: "2026-05-09T09:00:00Z"; } | ... 4 more ... | { ...; })[]' is not assignable to type '({ readonly id: "req_001"; readonly userId: "usr_003"; readonly committeeId: "cm_001"; readonly status: "Pending"; readonly riskFlag: false; readonly requestedAt: "2026-05-09T09:00:00Z"; } | { ...; } | { ...; })[]'.
  Type '{ readonly id: "req_001"; readonly userId: "usr_003"; readonly committeeId: "cm_001"; readonly status: "Pending"; readonly riskFlag: false; readonly requestedAt: "2026-05-09T09:00:00Z"; } | ... 4 more ... | { ...; }' is not assignable to type '{ readonly id: "req_001"; readonly userId: "usr_003"; readonly committeeId: "cm_001"; readonly status: "Pending"; readonly riskFlag: false; readonly requestedAt: "2026-05-09T09:00:00Z"; } | { ...; } | { ...; }'.
    Type '{ status: "Approved"; reviewedAt: string; id: "req_001"; userId: "usr_003"; committeeId: "cm_001"; riskFlag: false; requestedAt: "2026-05-09T09:00:00Z"; }' is not assignable to type '{ readonly id: "req_001"; readonly userId: "usr_003"; readonly committeeId: "cm_001"; readonly status: "Pending"; readonly riskFlag: false; readonly requestedAt: "2026-05-09T09:00:00Z"; } | { ...; } | { ...; }'.
      Property 'reviewedBy' is missing in type '{ status: "Approved"; reviewedAt: string; id: "req_001"; userId: "usr_003"; committeeId: "cm_001"; riskFlag: false; requestedAt: "2026-05-09T09:00:00Z"; }' but required in type '{ readonly id: "req_003"; readonly userId: "usr_002"; readonly committeeId: "cm_003"; readonly status: "Approved"; readonly riskFlag: false; readonly reviewedBy: "admin_001"; readonly requestedAt: "2026-05-06T11:30:00Z"; readonly reviewedAt: "2026-05-07T10:00:00Z"; }'.[0m [1m[35m[plugin angular-compiler][0m
    admin-portal/src/app/core/admin-data.service.ts:152:6:
[37[39m[22m
[1m[31mm      152 │       [32mlist.map(r => r.id === id ? { ...r, status: 'Approved' as c[37m...
          ╵       [32m~~~~~~~~~~~~~~~~~~~~~~~~~~~~~~~~~~~~~~~~~~~~~~~~~~~~~~~~~~~[0m
  'reviewedBy' is declared here.
    libs/src/lib/shared-types/mocks/index.ts:697:4:
[37m      697 │     [32mreviewedBy: 'admin_001'[37m,
          ╵     [32m~~~~~~~~~~~~~~~~~~~~~~~[0m
  The expected type comes from the return type of this signature.
    node_modules/@angular/core/types/_chrome_dev_tools_performance-chunk.d.ts:28:21:
[37m      28 │     update(updateFn: [32m(value: T) => T[37m): void;
         ╵                      [32m~~~~~~~~~~~~~~~[0m
[31mX [41;31m[[41;97mERROR[41;31m][0m [1mTS2322: Type '({ readonly id: "req_001"; readonly userId: "usr_003"; readonly committeeId: "cm_001"; readonly status: "Pending"; readonly riskFlag: false; readonly requestedAt: "2026-05-09T09:00:00Z"; } | ... 4 more ... | { ...; })[]' is not assignable to type '({ readonly id: "req_001"; readonly userId: "usr_003"; readonly committeeId: "cm_001"; readonly status: "Pending"; readonly riskFlag: false; readonly requestedAt: "2026-05-09T09:00:00Z"; } | { ...; } | { ...; })[]'.
  Type '{ readonly id: "req_001"; readonly userId: "usr_003"; readonly committeeId: "cm_001"; readonly status: "Pending"; readonly riskFlag: false; readonly requestedAt: "2026-05-09T09:00:00Z"; } | ... 4 more ... | { ...; }' is not assignable to type '{ readonly id: "req_001"; readonly userId: "usr_003"; readonly committeeId: "cm_001"; readonly status: "Pending"; readonly riskFlag: false; readonly requestedAt: "2026-05-09T09:00:00Z"; } | { ...; } | { ...; }'.
    Type '{ status: "Rejected"; reviewedAt: string; id: "req_001"; userId: "usr_003"; committeeId: "cm_001"; riskFlag: false; requestedAt: "2026-05-09T09:00:00Z"; }' is not assignable to type '{ readonly id: "req_001"; readonly userId: "usr_003"; readonly committeeId: "cm_001"; readonly status: "Pending"; readonly riskFlag: false; readonly requestedAt: [39m[22m[1m[31m"2026-05-09T09:00:00Z"; } | { ...; } | { ...; }'.
      Type '{ status: "Rejected"; reviewedAt: string; id: "req_001"; userId: "usr_003"; committeeId: "cm_001"; riskFlag: false; requestedAt: "2026-05-09T09:00:00Z"; }' is not assignable to type '{ readonly id: "req_001"; readonly userId: "usr_003"; readonly committeeId: "cm_001"; readonly status: "Pending"; readonly riskFlag: false; readonly requestedAt: "2026-05-09T09:00:00Z"; }'.
        Types of property 'status' are incompatible.
          Type '"Rejected"' is not assignable to type '"Pending"'.[0m [1m[35m[plugin angular-compiler][0m
    admin-portal/src/app/core/admin-data.service.ts:161:6:
[37m      161 │       [32mlist.map(r => r.id === id ? { ...r, status: 'Rejected' as c[37m...
          ╵       [32m~~~~~~~~~~~~~~~~~~~~~~~~~~~~~~~~~~~~~~~~~~~~~~~~~~~~~~~~~~~[0m
  The expected type comes from the return type of this signature.
    node_modules/@angular/core/types/_chrome_dev_tools_performance-chunk.d.ts:28:21:
[37m      28 │     update(updateFn: [32m(value: T) => T[37m): void;
         ╵                      [32m~~~~~~~~~~~~~~~[0m
[31mX [41;31m[[41;97mERROR[41;31m][0m [1mTS2322: Type 'string' is not assignable to type '"req_001" | "req_002" | "req_003"'.[0m [1m[35m[plugin angular-compiler][0m
    admin-portal/src/app/core/admin-data.service.ts:169:6:
[37m      169 │       [32mid[37m: 'req_' + Date.now(),
          ╵       [32m~~[0m
  The expected type comes from property 'id' which is declared here on type '{ readonly id: "req_001"; readonly userId: "usr_003"; readonly committeeId: "cm_001"; readonly status: "Pending"; readonly riskFlag: false; readonly requestedAt: "2026-05-09T09:00:00Z"; } | { ...; } | { ...; }'
    libs/src/lib/shared-types/mocks/index.ts:675:4:
[37m      675 │     [32mid: 'req_001'[37m,
          ╵     [32m~~~~~~~~~~~~~[0m
[31mX [41;31m[[41;97mERROR[41;31m][0m [1mTS2322: Type 'string' is not assignable to type '"usr_003" | "usr_004" | "[39m[22m[1m[31musr_002"'.[0m [1m[35m[plugin angular-compiler][0m
    admin-portal/src/app/core/admin-data.service.ts:170:6:
[37m      170 │       [32muserId[37m,
          ╵       [32m~~~~~~[0m
  The expected type comes from property 'userId' which is declared here on type '{ readonly id: "req_001"; readonly userId: "usr_003"; readonly committeeId: "cm_001"; readonly status: "Pending"; readonly riskFlag: false; readonly requestedAt: "2026-05-09T09:00:00Z"; } | { ...; } | { ...; }'
    libs/src/lib/shared-types/mocks/index.ts:676:4:
[37m      676 │     [32muserId: 'usr_003'[37m,
          ╵     [32m~~~~~~~~~~~~~~~~~[0m
[31mX [41;31m[[41;97mERROR[41;31m][0m [1mTS2322: Type 'string' is not assignable to type '"cm_001" | "cm_002" | "cm_003"'.[0m [1m[35m[plugin angular-compiler][0m
    admin-portal/src/app/core/admin-data.service.ts:171:6:
[37m      171 │       [32mcommitteeId[37m,
          ╵       [32m~~~~~~~~~~~[0m
  The expected type comes from property 'committeeId' which is declared here on type '{ readonly id: "req_001"; readonly userId: "usr_003"; readonly committeeId: "cm_001"; readonly status: "Pending"; readonly riskFlag: false; readonly requestedAt: "2026-05-09T09:00:00Z"; } | { ...; } | { ...; }'
    libs/src/lib/shared-types/mocks/index.ts:677:4:
[37m      677 │     [32mcommitteeId: 'cm_001'[37m,
          ╵     [32m~~~~~~~~~~~~~~~~~~~~~[0m
[31mX [41;31m[[41;97mERROR[41;31m][0m [1mTS2322: Type 'string' is not assignable to type '"2026-05-09T09:00:00Z" | "2026-05-08T13:15:00Z" | "2026-05-06T11:30:00Z"'.[0m [1m[35m[plugin angular-compiler][0m
    admin-portal/src/app/core/admin-data.service.ts:174:6:
[37m      174 │       [32mrequestedAt[37m: new Date().toISOString(),
          ╵       [32m~~~~~~~~~~~[0m
  The expected type comes from property 'requestedAt' which is declared here on type '{ readonly id: "req_001"; readonly userId: "usr_003"; readonly committeeId: "cm_001"; readonly status: "Pending"; readonly risk[39m[22m[1m[31mFlag: false; readonly requestedAt: "2026-05-09T09:00:00Z"; } | { ...; } | { ...; }'
    libs/src/lib/shared-types/mocks/index.ts:680:4:
[37m      680 │     [32mrequestedAt: '2026-05-09T09:00:00Z'[37m,
          ╵     [32m~~~~~~~~~~~~~~~~~~~~~~~~~~~~~~~~~~~[0m
[31mX [41;31m[[41;97mERROR[41;31m][0m [1mTS2345: Argument of type 'string' is not assignable to parameter of type '"cm_001" | "cm_002" | "cm_003"'.[0m [1m[35m[plugin angular-compiler][0m
    admin-portal/src/app/core/admin-data.service.ts:187:62:
[37m      187 │ ...filter(c => approvedIds.includes([32mc.id[37m) || c.leaderId === userId);
          ╵                                     [32m~~~~[0m
[31mX [41;31m[[41;97mERROR[41;31m][0m [1mTS2322: Type '"warning"' is not assignable to type '"neutral" | "success" | "danger"'.[0m [1m[35m[plugin angular-compiler][0m
    admin-portal/src/app/pages/dashboard.component.ts:18:97:
[37m      18 │ ...[value]="data.pendingJoinRequests()" icon="📋[32m" to[37mne="warning" />
         ╵                                                [32m~~~~[0m
[31mX [41;31m[[41;97mERROR[41;31m][0m [1mTS2322: Type '"warning"' is not assignable to type '"neutral" | "success" | "danger"'.[0m [1m[35m[plugin angular-compiler][0m
    admin-portal/src/app/pages/dashboard.component.ts:19:97:
[37m      19 │ ...[value]="data.pendingPayments()"     icon="💳[32m" to[37mne="warning" />
         ╵                                                [32m~~~~[0m
[31mX [41;31m[[41;97mERROR[41;31m][0m [1mTS2322: Type '"warning"' is not assignable to type '"neutral" | "success" | "danger"'.[0m [1m[35m[plugin angular-compiler][0m
    admin-portal/src/app/pages/payments.component.ts:17:78:
[37m      17 │ ...Pending"  [value]="count('Pending')"  icon="⏳[32m" to[37mne="warning" />
         ╵                                                 [32m~~~~[0m
[39m[22m
[33m>[39m Changes detected. Rebuilding...
[32m√[39m Changes detected. Rebuilding...
[1m[33m[33m▲ [43;33m[[43;30mWARNING[43;33m][0m [1mNG8113: RouterLink is not used within the template of CommitteesComponent[0m [1m[35m[plugin angular-compiler][0m
    admin-portal/src/app/pages/committees.component.ts:11:39:
[37m      11 │   imports: [CommonModule, FormsModule, [32mRouterLink[37m],
         ╵                                        [32m~~~~~~~~~~[0m
[39m[22m
[37mApplication bundle generation failed. [0.594 seconds] - 2026-05-10T15:56:17.462Z
[39m
[1m[31m[31mX [41;31m[[41;97mERROR[41;31m][0m [1mTS2322: Type '({ readonly id: "req_001"; readonly userId: "usr_003"; readonly committeeId: "cm_001"; readonly status: "Pending"; readonly riskFlag: false; readonly requestedAt: "2026-05-09T09:00:00Z"; } | ... 4 more ... | { ...; })[]' is not assignable to type '({ readonly id: "req_001"; readonly userId: "usr_003"; readonly committeeId: "cm_001"; readonly status: "Pending"; readonly riskFlag: false; readonly requestedAt: "2026-05-09T09:00:00Z"; } | { ...; } | { ...; })[]'.
  Type '{ readonly id: "req_001"; readonly userId: "usr_003"; readonly committeeId: "cm_001"; readonly status: "Pending"; readonly riskFlag: false; readonly requestedAt: "2026-05-09T09:00:00Z"; } | ... 4 more ... | { ...; }' is not assignable to type '{ readonly id: "req_001"; readonly userId: "usr_003"; readonly committeeId: "cm_001"; readonly status: "Pending"; readonly riskFlag: false; readonly requestedAt: "2026-05-09T09:00:00Z"; } | { ...; } | { ...; }'.
    Type '{ status: "Approved"; reviewedAt: string; id: "req_001"; userId: "usr_003"; committeeId: "cm_001"; riskFlag: false; requestedAt: "2026-05-09T09:00:00Z"; }' is not assignable to type '{ readonly id: "req_001"; readonly userId: "usr_003"; readonly committeeId: "cm_001"; readonly status: "Pending"; readonly riskFlag: false; readonly requestedAt: "2026-05-09T09:00:00Z"; } | { ...; } | { ...; }'.
      Property 'reviewedBy' is missing in type '{ status: "Approved"; reviewedAt: string; id: "req_001"; userId: "usr_003"; committeeId: "cm_001"; riskFlag: false; requestedAt: "2026-05-09T09:00:00Z"; }' but required in type '{ readonly id: "req_003"; readonly userId: "usr_002"; readonly committeeId: "cm_003"; readonly status: "Approved"; readonly riskFlag: false; readonly reviewedBy: "admin_001"; readonly requestedAt: "2026-05-06T11:30:00Z"; readonly reviewedAt: "2026-05-07T10:00:00Z"; }'.[0m [1m[35m[plugin angular-compiler][0m
    admin-portal/src/app/core/admin-data.service.ts:152:6:
[37[39m[22m
[1m[31mm      152 │       [32mlist.map(r => r.id === id ? { ...r, status: 'Approved' as c[37m...
          ╵       [32m~~~~~~~~~~~~~~~~~~~~~~~~~~~~~~~~~~~~~~~~~~~~~~~~~~~~~~~~~~~[0m
  'reviewedBy' is declared here.
    libs/src/lib/shared-types/mocks/index.ts:697:4:
[37m      697 │     [32mreviewedBy: 'admin_001'[37m,
          ╵     [32m~~~~~~~~~~~~~~~~~~~~~~~[0m
  The expected type comes from the return type of this signature.
    node_modules/@angular/core/types/_chrome_dev_tools_performance-chunk.d.ts:28:21:
[37m      28 │     update(updateFn: [32m(value: T) => T[37m): void;
         ╵                      [32m~~~~~~~~~~~~~~~[0m
[31mX [41;31m[[41;97mERROR[41;31m][0m [1mTS2322: Type '({ readonly id: "req_001"; readonly userId: "usr_003"; readonly committeeId: "cm_001"; readonly status: "Pending"; readonly riskFlag: false; readonly requestedAt: "2026-05-09T09:00:00Z"; } | ... 4 more ... | { ...; })[]' is not assignable to type '({ readonly id: "req_001"; readonly userId: "usr_003"; readonly committeeId: "cm_001"; readonly status: "Pending"; readonly riskFlag: false; readonly requestedAt: "2026-05-09T09:00:00Z"; } | { ...; } | { ...; })[]'.
  Type '{ readonly id: "req_001"; readonly userId: "usr_003"; readonly committeeId: "cm_001"; readonly status: "Pending"; readonly riskFlag: false; readonly requestedAt: "2026-05-09T09:00:00Z"; } | ... 4 more ... | { ...; }' is not assignable to type '{ readonly id: "req_001"; readonly userId: "usr_003"; readonly committeeId: "cm_001"; readonly status: "Pending"; readonly riskFlag: false; readonly requestedAt: "2026-05-09T09:00:00Z"; } | { ...; } | { ...; }'.
    Type '{ status: "Rejected"; reviewedAt: string; id: "req_001"; userId: "usr_003"; committeeId: "cm_001"; riskFlag: false; requestedAt: "2026-05-09T09:00:00Z"; }' is not assignable to type '{ readonly id: "req_001"; readonly userId: "usr_003"; readonly committeeId: "cm_001"; readonly status: "Pending"; readonly riskFlag: false; readonly requestedAt: [39m[22m[1m[31m"2026-05-09T09:00:00Z"; } | { ...; } | { ...; }'.
      Type '{ status: "Rejected"; reviewedAt: string; id: "req_001"; userId: "usr_003"; committeeId: "cm_001"; riskFlag: false; requestedAt: "2026-05-09T09:00:00Z"; }' is not assignable to type '{ readonly id: "req_001"; readonly userId: "usr_003"; readonly committeeId: "cm_001"; readonly status: "Pending"; readonly riskFlag: false; readonly requestedAt: "2026-05-09T09:00:00Z"; }'.
        Types of property 'status' are incompatible.
          Type '"Rejected"' is not assignable to type '"Pending"'.[0m [1m[35m[plugin angular-compiler][0m
    admin-portal/src/app/core/admin-data.service.ts:161:6:
[37m      161 │       [32mlist.map(r => r.id === id ? { ...r, status: 'Rejected' as c[37m...
          ╵       [32m~~~~~~~~~~~~~~~~~~~~~~~~~~~~~~~~~~~~~~~~~~~~~~~~~~~~~~~~~~~[0m
  The expected type comes from the return type of this signature.
    node_modules/@angular/core/types/_chrome_dev_tools_performance-chunk.d.ts:28:21:
[37m      28 │     update(updateFn: [32m(value: T) => T[37m): void;
         ╵                      [32m~~~~~~~~~~~~~~~[0m
[31mX [41;31m[[41;97mERROR[41;31m][0m [1mTS2322: Type 'string' is not assignable to type '"req_001" | "req_002" | "req_003"'.[0m [1m[35m[plugin angular-compiler][0m
    admin-portal/src/app/core/admin-data.service.ts:169:6:
[37m      169 │       [32mid[37m: 'req_' + Date.now(),
          ╵       [32m~~[0m
  The expected type comes from property 'id' which is declared here on type '{ readonly id: "req_001"; readonly userId: "usr_003"; readonly committeeId: "cm_001"; readonly status: "Pending"; readonly riskFlag: false; readonly requestedAt: "2026-05-09T09:00:00Z"; } | { ...; } | { ...; }'
    libs/src/lib/shared-types/mocks/index.ts:675:4:
[37m      675 │     [32mid: 'req_001'[37m,
          ╵     [32m~~~~~~~~~~~~~[0m
[31mX [41;31m[[41;97mERROR[41;31m][0m [1mTS2322: Type 'string' is not assignable to type '"usr_003" | "usr_004" | "[39m[22m[1m[31musr_002"'.[0m [1m[35m[plugin angular-compiler][0m
    admin-portal/src/app/core/admin-data.service.ts:170:6:
[37m      170 │       [32muserId[37m,
          ╵       [32m~~~~~~[0m
  The expected type comes from property 'userId' which is declared here on type '{ readonly id: "req_001"; readonly userId: "usr_003"; readonly committeeId: "cm_001"; readonly status: "Pending"; readonly riskFlag: false; readonly requestedAt: "2026-05-09T09:00:00Z"; } | { ...; } | { ...; }'
    libs/src/lib/shared-types/mocks/index.ts:676:4:
[37m      676 │     [32muserId: 'usr_003'[37m,
          ╵     [32m~~~~~~~~~~~~~~~~~[0m
[31mX [41;31m[[41;97mERROR[41;31m][0m [1mTS2322: Type 'string' is not assignable to type '"cm_001" | "cm_002" | "cm_003"'.[0m [1m[35m[plugin angular-compiler][0m
    admin-portal/src/app/core/admin-data.service.ts:171:6:
[37m      171 │       [32mcommitteeId[37m,
          ╵       [32m~~~~~~~~~~~[0m
  The expected type comes from property 'committeeId' which is declared here on type '{ readonly id: "req_001"; readonly userId: "usr_003"; readonly committeeId: "cm_001"; readonly status: "Pending"; readonly riskFlag: false; readonly requestedAt: "2026-05-09T09:00:00Z"; } | { ...; } | { ...; }'
    libs/src/lib/shared-types/mocks/index.ts:677:4:
[37m      677 │     [32mcommitteeId: 'cm_001'[37m,
          ╵     [32m~~~~~~~~~~~~~~~~~~~~~[0m
[31mX [41;31m[[41;97mERROR[41;31m][0m [1mTS2322: Type 'string' is not assignable to type '"2026-05-09T09:00:00Z" | "2026-05-08T13:15:00Z" | "2026-05-06T11:30:00Z"'.[0m [1m[35m[plugin angular-compiler][0m
    admin-portal/src/app/core/admin-data.service.ts:174:6:
[37m      174 │       [32mrequestedAt[37m: new Date().toISOString(),
          ╵       [32m~~~~~~~~~~~[0m
  The expected type comes from property 'requestedAt' which is declared here on type '{ readonly id: "req_001"; readonly userId: "usr_003"; readonly committeeId: "cm_001"; readonly status: "Pending"; readonly risk[39m[22m[1m[31mFlag: false; readonly requestedAt: "2026-05-09T09:00:00Z"; } | { ...; } | { ...; }'
    libs/src/lib/shared-types/mocks/index.ts:680:4:
[37m      680 │     [32mrequestedAt: '2026-05-09T09:00:00Z'[37m,
          ╵     [32m~~~~~~~~~~~~~~~~~~~~~~~~~~~~~~~~~~~[0m
[31mX [41;31m[[41;97mERROR[41;31m][0m [1mTS2345: Argument of type 'string' is not assignable to parameter of type '"cm_001" | "cm_002" | "cm_003"'.[0m [1m[35m[plugin angular-compiler][0m
    admin-portal/src/app/core/admin-data.service.ts:187:62:
[37m      187 │ ...filter(c => approvedIds.includes([32mc.id[37m) || c.leaderId === userId);
          ╵                                     [32m~~~~[0m
[31mX [41;31m[[41;97mERROR[41;31m][0m [1mTS2322: Type '"warning"' is not assignable to type '"neutral" | "success" | "danger"'.[0m [1m[35m[plugin angular-compiler][0m
    admin-portal/src/app/pages/dashboard.component.ts:18:97:
[37m      18 │ ...[value]="data.pendingJoinRequests()" icon="📋[32m" to[37mne="warning" />
         ╵                                                [32m~~~~[0m
[31mX [41;31m[[41;97mERROR[41;31m][0m [1mTS2322: Type '"warning"' is not assignable to type '"neutral" | "success" | "danger"'.[0m [1m[35m[plugin angular-compiler][0m
    admin-portal/src/app/pages/dashboard.component.ts:19:97:
[37m      19 │ ...[value]="data.pendingPayments()"     icon="💳[32m" to[37mne="warning" />
         ╵                                                [32m~~~~[0m
[31mX [41;31m[[41;97mERROR[41;31m][0m [1mTS2322: Type '"warning"' is not assignable to type '"neutral" | "success" | "danger"'.[0m [1m[35m[plugin angular-compiler][0m
    admin-portal/src/app/pages/payments.component.ts:17:78:
[37m      17 │ ...Pending"  [value]="count('Pending')"  icon="⏳[32m" to[37mne="warning" />
         ╵                                                 [32m~~~~[0m
[39m[22m
[33m>[39m Changes detected. Rebuilding...
[32m√[39m Changes detected. Rebuilding...
[37mApplication bundle generation failed. [0.524 seconds] - 2026-05-10T15:56:40.460Z
[39m
[1m[33m[33m▲ [43;33m[[43;30mWARNING[43;33m][0m [1mNG8113: RouterLink is not used within the template of CommitteesComponent[0m [1m[35m[plugin angular-compiler][0m
    admin-portal/src/app/pages/committees.component.ts:11:39:
[37m      11 │   imports: [CommonModule, FormsModule, [32mRouterLink[37m],
         ╵                                        [32m~~~~~~~~~~[0m
[39m[22m
[1m[31m[31mX [41;31m[[41;97mERROR[41;31m][0m [1mTS2322: Type '({ readonly id: "req_001"; readonly userId: "usr_003"; readonly committeeId: "cm_001"; readonly status: "Pending"; readonly riskFlag: false; readonly requestedAt: "2026-05-09T09:00:00Z"; } | ... 4 more ... | { ...; })[]' is not assignable to type '({ readonly id: "req_001"; readonly userId: "usr_003"; readonly committeeId: "cm_001"; readonly status: "Pending"; readonly riskFlag: false; readonly requestedAt: "2026-05-09T09:00:00Z"; } | { ...; } | { ...; })[]'.
  Type '{ readonly id: "req_001"; readonly userId: "usr_003"; readonly committeeId: "cm_001"; readonly status: "Pending"; readonly riskFlag: false; readonly requestedAt: "2026-05-09T09:00:00Z"; } | ... 4 more ... | { ...; }' is not assignable to type '{ readonly id: "req_001"; readonly userId: "usr_003"; readonly committeeId: "cm_001"; readonly status: "Pending"; readonly riskFlag: false; readonly requestedAt: "2026-05-09T09:00:00Z"; } | { ...; } | { ...; }'.
    Type '{ status: "Approved"; reviewedAt: string; id: "req_001"; userId: "usr_003"; committeeId: "cm_001"; riskFlag: false; requestedAt: "2026-05-09T09:00:00Z"; }' is not assignable to type '{ readonly id: "req_001"; readonly userId: "usr_003"; readonly committeeId: "cm_001"; readonly status: "Pending"; readonly riskFlag: false; readonly requestedAt: "2026-05-09T09:00:00Z"; } | { ...; } | { ...; }'.
      Property 'reviewedBy' is missing in type '{ status: "Approved"; reviewedAt: string; id: "req_001"; userId: "usr_003"; committeeId: "cm_001"; riskFlag: false; requestedAt: "2026-05-09T09:00:00Z"; }' but required in type '{ readonly id: "req_003"; readonly userId: "usr_002"; readonly committeeId: "cm_003"; readonly status: "Approved"; readonly riskFlag: false; readonly reviewedBy: "admin_001"; readonly requestedAt: "2026-05-06T11:30:00Z"; readonly reviewedAt: "2026-05-07T10:00:00Z"; }'.[0m [1m[35m[plugin angular-compiler][0m
    admin-portal/src/app/core/admin-data.service.ts:152:6:
[37[39m[22m[1m[31mm      152 │       [32mlist.map(r => r.id === id ? { ...r, status: 'Approved' as c[37m...
          ╵       [32m~~~~~~~~~~~~~~~~~~~~~~~~~~~~~~~~~~~~~~~~~~~~~~~~~~~~~~~~~~~[0m
  'reviewedBy' is declared here.
    libs/src/lib/shared-types/mocks/index.ts:697:4:
[37m      697 │     [32mreviewedBy: 'admin_001'[37m,
          ╵     [32m~~~~~~~~~~~~~~~~~~~~~~~[0m
  The expected type comes from the return type of this signature.
    node_modules/@angular/core/types/_chrome_dev_tools_performance-chunk.d.ts:28:21:
[37m      28 │     update(updateFn: [32m(value: T) => T[37m): void;
         ╵                      [32m~~~~~~~~~~~~~~~[0m
[31mX [41;31m[[41;97mERROR[41;31m][0m [1mTS2322: Type '({ readonly id: "req_001"; readonly userId: "usr_003"; readonly committeeId: "cm_001"; readonly status: "Pending"; readonly riskFlag: false; readonly requestedAt: "2026-05-09T09:00:00Z"; } | ... 4 more ... | { ...; })[]' is not assignable to type '({ readonly id: "req_001"; readonly userId: "usr_003"; readonly committeeId: "cm_001"; readonly status: "Pending"; readonly riskFlag: false; readonly requestedAt: "2026-05-09T09:00:00Z"; } | { ...; } | { ...; })[]'.
  Type '{ readonly id: "req_001"; readonly userId: "usr_003"; readonly committeeId: "cm_001"; readonly status: "Pending"; readonly riskFlag: false; readonly requestedAt: "2026-05-09T09:00:00Z"; } | ... 4 more ... | { ...; }' is not assignable to type '{ readonly id: "req_001"; readonly userId: "usr_003"; readonly committeeId: "cm_001"; readonly status: "Pending"; readonly riskFlag: false; readonly requestedAt: "2026-05-09T09:00:00Z"; } | { ...; } | { ...; }'.
    Type '{ status: "Rejected"; reviewedAt: string; id: "req_001"; userId: "usr_003"; committeeId: "cm_001"; riskFlag: false; requestedAt: "2026-05-09T09:00:00Z"; }' is not assignable to type '{ readonly id: "req_001"; readonly userId: "usr_003"; readonly committeeId: "cm_001"; readonly status: "Pending"; readonly riskFlag: false; readonly requestedAt: [39m[22m
[1m[31m"2026-05-09T09:00:00Z"; } | { ...; } | { ...; }'.
      Type '{ status: "Rejected"; reviewedAt: string; id: "req_001"; userId: "usr_003"; committeeId: "cm_001"; riskFlag: false; requestedAt: "2026-05-09T09:00:00Z"; }' is not assignable to type '{ readonly id: "req_001"; readonly userId: "usr_003"; readonly committeeId: "cm_001"; readonly status: "Pending"; readonly riskFlag: false; readonly requestedAt: "2026-05-09T09:00:00Z"; }'.
        Types of property 'status' are incompatible.
          Type '"Rejected"' is not assignable to type '"Pending"'.[0m [1m[35m[plugin angular-compiler][0m
    admin-portal/src/app/core/admin-data.service.ts:161:6:
[37m      161 │       [32mlist.map(r => r.id === id ? { ...r, status: 'Rejected' as c[37m...
          ╵       [32m~~~~~~~~~~~~~~~~~~~~~~~~~~~~~~~~~~~~~~~~~~~~~~~~~~~~~~~~~~~[0m
  The expected type comes from the return type of this signature.
    node_modules/@angular/core/types/_chrome_dev_tools_performance-chunk.d.ts:28:21:
[37m      28 │     update(updateFn: [32m(value: T) => T[37m): void;
         ╵                      [32m~~~~~~~~~~~~~~~[0m
[31mX [41;31m[[41;97mERROR[41;31m][0m [1mTS2322: Type 'string' is not assignable to type '"req_001" | "req_002" | "req_003"'.[0m [1m[35m[plugin angular-compiler][0m
    admin-portal/src/app/core/admin-data.service.ts:169:6:
[37m      169 │       [32mid[37m: 'req_' + Date.now(),
          ╵       [32m~~[0m
  The expected type comes from property 'id' which is declared here on type '{ readonly id: "req_001"; readonly userId: "usr_003"; readonly committeeId: "cm_001"; readonly status: "Pending"; readonly riskFlag: false; readonly requestedAt: "2026-05-09T09:00:00Z"; } | { ...; } | { ...; }'
    libs/src/lib/shared-types/mocks/index.ts:675:4:
[37m      675 │     [32mid: 'req_001'[37m,
          ╵     [32m~~~~~~~~~~~~~[0m
[31mX [41;31m[[41;97mERROR[41;31m][0m [1mTS2322: Type 'string' is not assignable to type '"usr_003" | "usr_004" | "[39m[22m[1m[31musr_002"'.[0m [1m[35m[plugin angular-compiler][0m
    admin-portal/src/app/core/admin-data.service.ts:170:6:
[37m      170 │       [32muserId[37m,
          ╵       [32m~~~~~~[0m
  The expected type comes from property 'userId' which is declared here on type '{ readonly id: "req_001"; readonly userId: "usr_003"; readonly committeeId: "cm_001"; readonly status: "Pending"; readonly riskFlag: false; readonly requestedAt: "2026-05-09T09:00:00Z"; } | { ...; } | { ...; }'
    libs/src/lib/shared-types/mocks/index.ts:676:4:
[37m      676 │     [32muserId: 'usr_003'[37m,
          ╵     [32m~~~~~~~~~~~~~~~~~[0m
[31mX [41;31m[[41;97mERROR[41;31m][0m [1mTS2322: Type 'string' is not assignable to type '"cm_001" | "cm_002" | "cm_003"'.[0m [1m[35m[plugin angular-compiler][0m
    admin-portal/src/app/core/admin-data.service.ts:171:6:
[37m      171 │       [32mcommitteeId[37m,
          ╵       [32m~~~~~~~~~~~[0m
  The expected type comes from property 'committeeId' which is declared here on type '{ readonly id: "req_001"; readonly userId: "usr_003"; readonly committeeId: "cm_001"; readonly status: "Pending"; readonly riskFlag: false; readonly requestedAt: "2026-05-09T09:00:00Z"; } | { ...; } | { ...; }'
    libs/src/lib/shared-types/mocks/index.ts:677:4:
[37m      677 │     [32mcommitteeId: 'cm_001'[37m,
          ╵     [32m~~~~~~~~~~~~~~~~~~~~~[0m
[31mX [41;31m[[41;97mERROR[41;31m][0m [1mTS2322: Type 'string' is not assignable to type '"2026-05-09T09:00:00Z" | "2026-05-08T13:15:00Z" | "2026-05-06T11:30:00Z"'.[0m [1m[35m[plugin angular-compiler][0m
    admin-portal/src/app/core/admin-data.service.ts:174:6:
[37m      174 │       [32mrequestedAt[37m: new Date().toISOString(),
          ╵       [32m~~~~~~~~~~~[0m
  The expected type comes from property 'requestedAt' which is declared here on type '{ readonly id: "req_001"; readonly userId: "usr_003"; readonly committeeId: "cm_001"; readonly status: "Pending"; readonly risk[39m[22m[1m[31mFlag: false; readonly requestedAt: "2026-05-09T09:00:00Z"; } | { ...; } | { ...; }'
    libs/src/lib/shared-types/mocks/index.ts:680:4:
[37m      680 │     [32mrequestedAt: '2026-05-09T09:00:00Z'[37m,
          ╵     [32m~~~~~~~~~~~~~~~~~~~~~~~~~~~~~~~~~~~[0m
[31mX [41;31m[[41;97mERROR[41;31m][0m [1mTS2345: Argument of type 'string' is not assignable to parameter of type '"cm_001" | "cm_002" | "cm_003"'.[0m [1m[35m[plugin angular-compiler][0m
    admin-portal/src/app/core/admin-data.service.ts:187:62:
[37m      187 │ ...filter(c => approvedIds.includes([32mc.id[37m) || c.leaderId === userId);
          ╵                                     [32m~~~~[0m
[31mX [41;31m[[41;97mERROR[41;31m][0m [1mTS2339: Property 'badge' does not exist on type '{ label: string; path: string; }'.[0m [1m[35m[plugin angular-compiler][0m
    admin-portal/src/app/layout/admin-shell.component.ts:22:24:
[37m      22 │               @if (item.[32mbadge[37m) { <span class="rounded-full bg-bran...
         ╵                         [32m~~~~~[0m
[31mX [41;31m[[41;97mERROR[41;31m][0m [1mTS2339: Property 'badge' does not exist on type '{ label: string; path: string; }'.[0m [1m[35m[plugin angular-compiler][0m
    admin-portal/src/app/layout/admin-shell.component.ts:22:101:
[37m      22 │ ...d-full bg-brand-500 px-2 py-0.5 text-xs">{{ item.[32mbadge[37m }}</span> }
         ╵                                                     [32m~~~~~[0m
[31mX [41;31m[[41;97mERROR[41;31m][0m [1mTS2322: Type '"warning"' is not assignable to type '"neutral" | "success" | "danger"'.[0m [1m[35m[plugin angular-compiler][0m
    admin-portal/src/app/pages/dashboard.component.ts:18:97:
[37m      18 │ ...[value]="data.pendingJoinRequests()" icon="📋[32m" to[37mne="warning" />
         ╵                                                [32m~~~~[0m
[31mX [41;31m[[41;97mERROR[41;31m][0m [1mTS2322: Type '"warning"' is not assignable to type '"neut[39m[22m[1m[31mral" | "success" | "danger"'.[0m [1m[35m[plugin angular-compiler][0m
    admin-portal/src/app/pages/dashboard.component.ts:19:97:
[37m      19 │ ...[value]="data.pendingPayments()"     icon="💳[32m" to[37mne="warning" />
         ╵                                                [32m~~~~[0m
[31mX [41;31m[[41;97mERROR[41;31m][0m [1mTS2322: Type '"warning"' is not assignable to type '"neutral" | "success" | "danger"'.[0m [1m[35m[plugin angular-compiler][0m
    admin-portal/src/app/pages/payments.component.ts:17:78:
[37m      17 │ ...Pending"  [value]="count('Pending')"  icon="⏳[32m" to[37mne="warning" />
         ╵                                                 [32m~~~~[0m
[39m[22m
[33m>[39m Changes detected. Rebuilding...
[32m√[39m Changes detected. Rebuilding...
[37mApplication bundle generation failed. [0.154 seconds] - 2026-05-10T15:56:55.740Z
[39m
[1m[33m[33m▲ [43;33m[[43;30mWARNING[43;33m][0m [1mNG8113: RouterLink is not used within the template of CommitteesComponent[0m [1m[35m[plugin angular-compiler][0m
    admin-portal/src/app/pages/committees.component.ts:11:39:
[37m      11 │   imports: [CommonModule, FormsModule, [32mRouterLink[37m],
         ╵                                        [32m~~~~~~~~~~[0m
[39m[22m
[1m[31m[31mX [41;31m[[41;97mERROR[41;31m][0m [1mTS2322: Type '({ readonly id: "req_001"; readonly userId: "usr_003"; readonly committeeId: "cm_001"; readonly status: "Pending"; readonly riskFlag: false; readonly requestedAt: "2026-05-09T09:00:00Z"; } | ... 4 more ... | { ...; })[]' is not assignable to type '({ readonly id: "req_001"; readonly userId: "usr_003"; readonly committeeId: "cm_001"; readonly status: "Pending"; readonly riskFlag: false; readonly requestedAt: "2026-05-09T09:00:00Z"; } | { ...; } | { ...; })[]'.
  Type '{ readonly id: "req_001"; readonly userId: "usr_003"; readonly committeeId: "cm_001"; readonly status: "Pending"; readonly riskFlag: false; readonly requestedAt: "2026-05-09T09:00:00Z"; } | ... 4 more ... | { ...; }' is not assignable to type '{ readonly id: "req_001"; readonly userId: "usr_003"; readonly committeeId: "cm_001"; readonly status: "Pending"; readonly riskFlag: false; readonly requestedAt: "2026-05-09T09:00:00Z"; } | { ...; } | { ...; }'.
    Type '{ status: "Approved"; reviewedAt: string; id: "req_001"; userId: "usr_003"; committeeId: "cm_001"; riskFlag: false; requestedAt: "2026-05-09T09:00:00Z"; }' is not assignable to type '{ readonly id: "req_001"; readonly userId: "usr_003"; readonly committeeId: "cm_001"; readonly status: "Pending"; readonly riskFlag: false; readonly requestedAt: "2026-05-09T09:00:00Z"; } | { ...; } | { ...; }'.
      Property 'reviewedBy' is missing in type '{ status: "Approved"; reviewedAt: string; id: "req_001"; userId: "usr_003"; committeeId: "cm_001"; riskFlag: false; requestedAt: "2026-05-09T09:00:00Z"; }' but required in type '{ readonly id: "req_003"; readonly userId: "usr_002"; readonly committeeId: "cm_003"; readonly status: "Approved"; readonly riskFlag: false; readonly reviewedBy: "admin_001"; readonly requestedAt: "2026-05-06T11:30:00Z"; readonly reviewedAt: "2026-05-07T10:00:00Z"; }'.[0m [1m[35m[plugin angular-compiler][0m
    admin-portal/src/app/core/admin-data.service.ts:152:6:
[37[39m[22m
[1m[31mm      152 │       [32mlist.map(r => r.id === id ? { ...r, status: 'Approved' as c[37m...
          ╵       [32m~~~~~~~~~~~~~~~~~~~~~~~~~~~~~~~~~~~~~~~~~~~~~~~~~~~~~~~~~~~[0m
  'reviewedBy' is declared here.
    libs/src/lib/shared-types/mocks/index.ts:697:4:
[37m      697 │     [32mreviewedBy: 'admin_001'[37m,
          ╵     [32m~~~~~~~~~~~~~~~~~~~~~~~[0m
  The expected type comes from the return type of this signature.
    node_modules/@angular/core/types/_chrome_dev_tools_performance-chunk.d.ts:28:21:
[37m      28 │     update(updateFn: [32m(value: T) => T[37m): void;
         ╵                      [32m~~~~~~~~~~~~~~~[0m
[31mX [41;31m[[41;97mERROR[41;31m][0m [1mTS2322: Type '({ readonly id: "req_001"; readonly userId: "usr_003"; readonly committeeId: "cm_001"; readonly status: "Pending"; readonly riskFlag: false; readonly requestedAt: "2026-05-09T09:00:00Z"; } | ... 4 more ... | { ...; })[]' is not assignable to type '({ readonly id: "req_001"; readonly userId: "usr_003"; readonly committeeId: "cm_001"; readonly status: "Pending"; readonly riskFlag: false; readonly requestedAt: "2026-05-09T09:00:00Z"; } | { ...; } | { ...; })[]'.
  Type '{ readonly id: "req_001"; readonly userId: "usr_003"; readonly committeeId: "cm_001"; readonly status: "Pending"; readonly riskFlag: false; readonly requestedAt: "2026-05-09T09:00:00Z"; } | ... 4 more ... | { ...; }' is not assignable to type '{ readonly id: "req_001"; readonly userId: "usr_003"; readonly committeeId: "cm_001"; readonly status: "Pending"; readonly riskFlag: false; readonly requestedAt: "2026-05-09T09:00:00Z"; } | { ...; } | { ...; }'.
    Type '{ status: "Rejected"; reviewedAt: string; id: "req_001"; userId: "usr_003"; committeeId: "cm_001"; riskFlag: false; requestedAt: "2026-05-09T09:00:00Z"; }' is not assignable to type '{ readonly id: "req_001"; readonly userId: "usr_003"; readonly committeeId: "cm_001"; readonly status: "Pending"; readonly riskFlag: false; readonly requestedAt: [39m[22m[1m[31m"2026-05-09T09:00:00Z"; } | { ...; } | { ...; }'.
      Type '{ status: "Rejected"; reviewedAt: string; id: "req_001"; userId: "usr_003"; committeeId: "cm_001"; riskFlag: false; requestedAt: "2026-05-09T09:00:00Z"; }' is not assignable to type '{ readonly id: "req_001"; readonly userId: "usr_003"; readonly committeeId: "cm_001"; readonly status: "Pending"; readonly riskFlag: false; readonly requestedAt: "2026-05-09T09:00:00Z"; }'.
        Types of property 'status' are incompatible.
          Type '"Rejected"' is not assignable to type '"Pending"'.[0m [1m[35m[plugin angular-compiler][0m
    admin-portal/src/app/core/admin-data.service.ts:161:6:
[37m      161 │       [32mlist.map(r => r.id === id ? { ...r, status: 'Rejected' as c[37m...
          ╵       [32m~~~~~~~~~~~~~~~~~~~~~~~~~~~~~~~~~~~~~~~~~~~~~~~~~~~~~~~~~~~[0m
  The expected type comes from the return type of this signature.
    node_modules/@angular/core/types/_chrome_dev_tools_performance-chunk.d.ts:28:21:
[37m      28 │     update(updateFn: [32m(value: T) => T[37m): void;
         ╵                      [32m~~~~~~~~~~~~~~~[0m
[31mX [41;31m[[41;97mERROR[41;31m][0m [1mTS2322: Type 'string' is not assignable to type '"req_001" | "req_002" | "req_003"'.[0m [1m[35m[plugin angular-compiler][0m
    admin-portal/src/app/core/admin-data.service.ts:169:6:
[37m      169 │       [32mid[37m: 'req_' + Date.now(),
          ╵       [32m~~[0m
  The expected type comes from property 'id' which is declared here on type '{ readonly id: "req_001"; readonly userId: "usr_003"; readonly committeeId: "cm_001"; readonly status: "Pending"; readonly riskFlag: false; readonly requestedAt: "2026-05-09T09:00:00Z"; } | { ...; } | { ...; }'
    libs/src/lib/shared-types/mocks/index.ts:675:4:
[37m      675 │     [32mid: 'req_001'[37m,
          ╵     [32m~~~~~~~~~~~~~[0m
[31mX [41;31m[[41;97mERROR[41;31m][0m [1mTS2322: Type 'string' is not assignable to type '"usr_003" | "usr_004" | "[39m[22m[1m[31musr_002"'.[0m [1m[35m[plugin angular-compiler][0m
    admin-portal/src/app/core/admin-data.service.ts:170:6:
[37m      170 │       [32muserId[37m,
          ╵       [32m~~~~~~[0m
  The expected type comes from property 'userId' which is declared here on type '{ readonly id: "req_001"; readonly userId: "usr_003"; readonly committeeId: "cm_001"; readonly status: "Pending"; readonly riskFlag: false; readonly requestedAt: "2026-05-09T09:00:00Z"; } | { ...; } | { ...; }'
    libs/src/lib/shared-types/mocks/index.ts:676:4:
[37m      676 │     [32muserId: 'usr_003'[37m,
          ╵     [32m~~~~~~~~~~~~~~~~~[0m
[31mX [41;31m[[41;97mERROR[41;31m][0m [1mTS2322: Type 'string' is not assignable to type '"cm_001" | "cm_002" | "cm_003"'.[0m [1m[35m[plugin angular-compiler][0m
    admin-portal/src/app/core/admin-data.service.ts:171:6:
[37m      171 │       [32mcommitteeId[37m,
          ╵       [32m~~~~~~~~~~~[0m
  The expected type comes from property 'committeeId' which is declared here on type '{ readonly id: "req_001"; readonly userId: "usr_003"; readonly committeeId: "cm_001"; readonly status: "Pending"; readonly riskFlag: false; readonly requestedAt: "2026-05-09T09:00:00Z"; } | { ...; } | { ...; }'
    libs/src/lib/shared-types/mocks/index.ts:677:4:
[37m      677 │     [32mcommitteeId: 'cm_001'[37m,
          ╵     [32m~~~~~~~~~~~~~~~~~~~~~[0m
[31mX [41;31m[[41;97mERROR[41;31m][0m [1mTS2322: Type 'string' is not assignable to type '"2026-05-09T09:00:00Z" | "2026-05-08T13:15:00Z" | "2026-05-06T11:30:00Z"'.[0m [1m[35m[plugin angular-compiler][0m
    admin-portal/src/app/core/admin-data.service.ts:174:6:
[37m      174 │       [32mrequestedAt[37m: new Date().toISOString(),
          ╵       [32m~~~~~~~~~~~[0m
  The expected type comes from property 'requestedAt' which is declared here on type '{ readonly id: "req_001"; readonly userId: "usr_003"; readonly committeeId: "cm_001"; readonly status: "Pending"; readonly risk[39m[22m[1m[31mFlag: false; readonly requestedAt: "2026-05-09T09:00:00Z"; } | { ...; } | { ...; }'
    libs/src/lib/shared-types/mocks/index.ts:680:4:
[37m      680 │     [32mrequestedAt: '2026-05-09T09:00:00Z'[37m,
          ╵     [32m~~~~~~~~~~~~~~~~~~~~~~~~~~~~~~~~~~~[0m
[31mX [41;31m[[41;97mERROR[41;31m][0m [1mTS2345: Argument of type 'string' is not assignable to parameter of type '"cm_001" | "cm_002" | "cm_003"'.[0m [1m[35m[plugin angular-compiler][0m
    admin-portal/src/app/core/admin-data.service.ts:187:62:
[37m      187 │ ...filter(c => approvedIds.includes([32mc.id[37m) || c.leaderId === userId);
          ╵                                     [32m~~~~[0m
[31mX [41;31m[[41;97mERROR[41;31m][0m [1mTS2339: Property 'badge' does not exist on type '{ label: string; path: string; }'.[0m [1m[35m[plugin angular-compiler][0m
    admin-portal/src/app/layout/admin-shell.component.ts:22:24:
[37m      22 │               @if (item.[32mbadge[37m) { <span class="rounded-full bg-bran...
         ╵                         [32m~~~~~[0m
[31mX [41;31m[[41;97mERROR[41;31m][0m [1mTS2339: Property 'badge' does not exist on type '{ label: string; path: string; }'.[0m [1m[35m[plugin angular-compiler][0m
    admin-portal/src/app/layout/admin-shell.component.ts:22:101:
[37m      22 │ ...d-full bg-brand-500 px-2 py-0.5 text-xs">{{ item.[32mbadge[37m }}</span> }
         ╵                                                     [32m~~~~~[0m
[31mX [41;31m[[41;97mERROR[41;31m][0m [1mTS2322: Type '"warning"' is not assignable to type '"neutral" | "success" | "danger"'.[0m [1m[35m[plugin angular-compiler][0m
    admin-portal/src/app/pages/dashboard.component.ts:18:97:
[37m      18 │ ...[value]="data.pendingJoinRequests()" icon="📋[32m" to[37mne="warning" />
         ╵                                                [32m~~~~[0m
[31mX [41;31m[[41;97mERROR[41;31m][0m [1mTS2322: Type '"warning"' is not assignable to type '"neut[39m[22m[1m[31mral" | "success" | "danger"'.[0m [1m[35m[plugin angular-compiler][0m
    admin-portal/src/app/pages/dashboard.component.ts:19:97:
[37m      19 │ ...[value]="data.pendingPayments()"     icon="💳[32m" to[37mne="warning" />
         ╵                                                [32m~~~~[0m
[31mX [41;31m[[41;97mERROR[41;31m][0m [1mTS2322: Type '"warning"' is not assignable to type '"neutral" | "success" | "danger"'.[0m [1m[35m[plugin angular-compiler][0m
    admin-portal/src/app/pages/payments.component.ts:17:78:
[37m      17 │ ...Pending"  [value]="count('Pending')"  icon="⏳[32m" to[37mne="warning" />
         ╵                                                 [32m~~~~[0m
[39m[22m
[33m>[39m Changes detected. Rebuilding...
[32m√[39m Changes detected. Rebuilding...
[37mApplication bundle generation failed. [0.228 seconds] - 2026-05-10T15:57:24.209Z
[39m
[1m[33m[33m▲ [43;33m[[43;30mWARNING[43;33m][0m [1mNG8113: RouterLink is not used within the template of CommitteesComponent[0m [1m[35m[plugin angular-compiler][0m
    admin-portal/src/app/pages/committees.component.ts:11:39:
[37m      11 │   imports: [CommonModule, FormsModule, [32mRouterLink[37m],
         ╵                                        [32m~~~~~~~~~~[0m
[39m[22m
[1m[31m[31mX [41;31m[[41;97mERROR[41;31m][0m [1mTS2322: Type '({ readonly id: "req_001"; readonly userId: "usr_003"; readonly committeeId: "cm_001"; readonly status: "Pending"; readonly riskFlag: false; readonly requestedAt: "2026-05-09T09:00:00Z"; } | ... 4 more ... | { ...; })[]' is not assignable to type '({ readonly id: "req_001"; readonly userId: "usr_003"; readonly committeeId: "cm_001"; readonly status: "Pending"; readonly riskFlag: false; readonly requestedAt: "2026-05-09T09:00:00Z"; } | { ...; } | { ...; })[]'.
  Type '{ readonly id: "req_001"; readonly userId: "usr_003"; readonly committeeId: "cm_001"; readonly status: "Pending"; readonly riskFlag: false; readonly requestedAt: "2026-05-09T09:00:00Z"; } | ... 4 more ... | { ...; }' is not assignable to type '{ readonly id: "req_001"; readonly userId: "usr_003"; readonly committeeId: "cm_001"; readonly status: "Pending"; readonly riskFlag: false; readonly requestedAt: "2026-05-09T09:00:00Z"; } | { ...; } | { ...; }'.
    Type '{ status: "Approved"; reviewedAt: string; id: "req_001"; userId: "usr_003"; committeeId: "cm_001"; riskFlag: false; requestedAt: "2026-05-09T09:00:00Z"; }' is not assignable to type '{ readonly id: "req_001"; readonly userId: "usr_003"; readonly committeeId: "cm_001"; readonly status: "Pending"; readonly riskFlag: false; readonly requestedAt: "2026-05-09T09:00:00Z"; } | { ...; } | { ...; }'.
      Property 'reviewedBy' is missing in type '{ status: "Approved"; reviewedAt: string; id: "req_001"; userId: "usr_003"; committeeId: "cm_001"; riskFlag: false; requestedAt: "2026-05-09T09:00:00Z"; }' but required in type '{ readonly id: "req_003"; readonly userId: "usr_002"; readonly committeeId: "cm_003"; readonly status: "Approved"; readonly riskFlag: false; readonly reviewedBy: "admin_001"; readonly requestedAt: "2026-05-06T11:30:00Z"; readonly reviewedAt: "2026-05-07T10:00:00Z"; }'.[0m [1m[35m[plugin angular-compiler][0m
    admin-portal/src/app/core/admin-data.service.ts:152:6:
[37[39m[22m[1m[31mm      152 │       [32mlist.map(r => r.id === id ? { ...r, status: 'Approved' as c[37m...
          ╵       [32m~~~~~~~~~~~~~~~~~~~~~~~~~~~~~~~~~~~~~~~~~~~~~~~~~~~~~~~~~~~[0m
  'reviewedBy' is declared here.
    libs/src/lib/shared-types/mocks/index.ts:697:4:
[37m      697 │     [32mreviewedBy: 'admin_001'[37m,
          ╵     [32m~~~~~~~~~~~~~~~~~~~~~~~[0m
  The expected type comes from the return type of this signature.
    node_modules/@angular/core/types/_chrome_dev_tools_performance-chunk.d.ts:28:21:
[37m      28 │     update(updateFn: [32m(value: T) => T[37m): void;
         ╵                      [32m~~~~~~~~~~~~~~~[0m
[31mX [41;31m[[41;97mERROR[41;31m][0m [1mTS2322: Type '({ readonly id: "req_001"; readonly userId: "usr_003"; readonly committeeId: "cm_001"; readonly status: "Pending"; readonly riskFlag: false; readonly requestedAt: "2026-05-09T09:00:00Z"; } | ... 4 more ... | { ...; })[]' is not assignable to type '({ readonly id: "req_001"; readonly userId: "usr_003"; readonly committeeId: "cm_001"; readonly status: "Pending"; readonly riskFlag: false; readonly requestedAt: "2026-05-09T09:00:00Z"; } | { ...; } | { ...; })[]'.
  Type '{ readonly id: "req_001"; readonly userId: "usr_003"; readonly committeeId: "cm_001"; readonly status: "Pending"; readonly riskFlag: false; readonly requestedAt: "2026-05-09T09:00:00Z"; } | ... 4 more ... | { ...; }' is not assignable to type '{ readonly id: "req_001"; readonly userId: "usr_003"; readonly committeeId: "cm_001"; readonly status: "Pending"; readonly riskFlag: false; readonly requestedAt: "2026-05-09T09:00:00Z"; } | { ...; } | { ...; }'.
    Type '{ status: "Rejected"; reviewedAt: string; id: "req_001"; userId: "usr_003"; committeeId: "cm_001"; riskFlag: false; requestedAt: "2026-05-09T09:00:00Z"; }' is not assignable to type '{ readonly id: "req_001"; readonly userId: "usr_003"; readonly committeeId: "cm_001"; readonly status: "Pending"; readonly riskFlag: false; readonly requestedAt: [39m[22m
[1m[31m"2026-05-09T09:00:00Z"; } | { ...; } | { ...; }'.
      Type '{ status: "Rejected"; reviewedAt: string; id: "req_001"; userId: "usr_003"; committeeId: "cm_001"; riskFlag: false; requestedAt: "2026-05-09T09:00:00Z"; }' is not assignable to type '{ readonly id: "req_001"; readonly userId: "usr_003"; readonly committeeId: "cm_001"; readonly status: "Pending"; readonly riskFlag: false; readonly requestedAt: "2026-05-09T09:00:00Z"; }'.
        Types of property 'status' are incompatible.
          Type '"Rejected"' is not assignable to type '"Pending"'.[0m [1m[35m[plugin angular-compiler][0m
    admin-portal/src/app/core/admin-data.service.ts:161:6:
[37m      161 │       [32mlist.map(r => r.id === id ? { ...r, status: 'Rejected' as c[37m...
          ╵       [32m~~~~~~~~~~~~~~~~~~~~~~~~~~~~~~~~~~~~~~~~~~~~~~~~~~~~~~~~~~~[0m
  The expected type comes from the return type of this signature.
    node_modules/@angular/core/types/_chrome_dev_tools_performance-chunk.d.ts:28:21:
[37m      28 │     update(updateFn: [32m(value: T) => T[37m): void;
         ╵                      [32m~~~~~~~~~~~~~~~[0m
[31mX [41;31m[[41;97mERROR[41;31m][0m [1mTS2322: Type 'string' is not assignable to type '"req_001" | "req_002" | "req_003"'.[0m [1m[35m[plugin angular-compiler][0m
    admin-portal/src/app/core/admin-data.service.ts:169:6:
[37m      169 │       [32mid[37m: 'req_' + Date.now(),
          ╵       [32m~~[0m
  The expected type comes from property 'id' which is declared here on type '{ readonly id: "req_001"; readonly userId: "usr_003"; readonly committeeId: "cm_001"; readonly status: "Pending"; readonly riskFlag: false; readonly requestedAt: "2026-05-09T09:00:00Z"; } | { ...; } | { ...; }'
    libs/src/lib/shared-types/mocks/index.ts:675:4:
[37m      675 │     [32mid: 'req_001'[37m,
          ╵     [32m~~~~~~~~~~~~~[0m
[31mX [41;31m[[41;97mERROR[41;31m][0m [1mTS2322: Type 'string' is not assignable to type '"usr_003" | "usr_004" | "[39m[22m[1m[31musr_002"'.[0m [1m[35m[plugin angular-compiler][0m
    admin-portal/src/app/core/admin-data.service.ts:170:6:
[37m      170 │       [32muserId[37m,
          ╵       [32m~~~~~~[0m
  The expected type comes from property 'userId' which is declared here on type '{ readonly id: "req_001"; readonly userId: "usr_003"; readonly committeeId: "cm_001"; readonly status: "Pending"; readonly riskFlag: false; readonly requestedAt: "2026-05-09T09:00:00Z"; } | { ...; } | { ...; }'
    libs/src/lib/shared-types/mocks/index.ts:676:4:
[37m      676 │     [32muserId: 'usr_003'[37m,
          ╵     [32m~~~~~~~~~~~~~~~~~[0m
[31mX [41;31m[[41;97mERROR[41;31m][0m [1mTS2322: Type 'string' is not assignable to type '"cm_001" | "cm_002" | "cm_003"'.[0m [1m[35m[plugin angular-compiler][0m
    admin-portal/src/app/core/admin-data.service.ts:171:6:
[37m      171 │       [32mcommitteeId[37m,
          ╵       [32m~~~~~~~~~~~[0m
  The expected type comes from property 'committeeId' which is declared here on type '{ readonly id: "req_001"; readonly userId: "usr_003"; readonly committeeId: "cm_001"; readonly status: "Pending"; readonly riskFlag: false; readonly requestedAt: "2026-05-09T09:00:00Z"; } | { ...; } | { ...; }'
    libs/src/lib/shared-types/mocks/index.ts:677:4:
[37m      677 │     [32mcommitteeId: 'cm_001'[37m,
          ╵     [32m~~~~~~~~~~~~~~~~~~~~~[0m
[31mX [41;31m[[41;97mERROR[41;31m][0m [1mTS2322: Type 'string' is not assignable to type '"2026-05-09T09:00:00Z" | "2026-05-08T13:15:00Z" | "2026-05-06T11:30:00Z"'.[0m [1m[35m[plugin angular-compiler][0m
    admin-portal/src/app/core/admin-data.service.ts:174:6:
[37m      174 │       [32mrequestedAt[37m: new Date().toISOString(),
          ╵       [32m~~~~~~~~~~~[0m
  The expected type comes from property 'requestedAt' which is declared here on type '{ readonly id: "req_001"; readonly userId: "usr_003"; readonly committeeId: "cm_001"; readonly status: "Pending"; readonly risk[39m[22m[1m[31mFlag: false; readonly requestedAt: "2026-05-09T09:00:00Z"; } | { ...; } | { ...; }'
    libs/src/lib/shared-types/mocks/index.ts:680:4:
[37m      680 │     [32mrequestedAt: '2026-05-09T09:00:00Z'[37m,
          ╵     [32m~~~~~~~~~~~~~~~~~~~~~~~~~~~~~~~~~~~[0m
[31mX [41;31m[[41;97mERROR[41;31m][0m [1mTS2345: Argument of type 'string' is not assignable to parameter of type '"cm_001" | "cm_002" | "cm_003"'.[0m [1m[35m[plugin angular-compiler][0m
    admin-portal/src/app/core/admin-data.service.ts:187:62:
[37m      187 │ ...filter(c => approvedIds.includes([32mc.id[37m) || c.leaderId === userId);
          ╵                                     [32m~~~~[0m
[31mX [41;31m[[41;97mERROR[41;31m][0m [1mTS2339: Property 'badge' does not exist on type '{ label: string; path: string; }'.[0m [1m[35m[plugin angular-compiler][0m
    admin-portal/src/app/layout/admin-shell.component.ts:22:24:
[37m      22 │               @if (item.[32mbadge[37m) { <span class="rounded-full bg-bran...
         ╵                         [32m~~~~~[0m
[31mX [41;31m[[41;97mERROR[41;31m][0m [1mTS2339: Property 'badge' does not exist on type '{ label: string; path: string; }'.[0m [1m[35m[plugin angular-compiler][0m
    admin-portal/src/app/layout/admin-shell.component.ts:22:101:
[37m      22 │ ...d-full bg-brand-500 px-2 py-0.5 text-xs">{{ item.[32mbadge[37m }}</span> }
         ╵                                                     [32m~~~~~[0m
[31mX [41;31m[[41;97mERROR[41;31m][0m [1mTS2322: Type '"warning"' is not assignable to type '"neutral" | "success" | "danger"'.[0m [1m[35m[plugin angular-compiler][0m
    admin-portal/src/app/pages/dashboard.component.ts:18:97:
[37m      18 │ ...[value]="data.pendingJoinRequests()" icon="📋[32m" to[37mne="warning" />
         ╵                                                [32m~~~~[0m
[31mX [41;31m[[41;97mERROR[41;31m][0m [1mTS2322: Type '"warning"' is not assignable to type '"neut[39m[22m[1m[31mral" | "success" | "danger"'.[0m [1m[35m[plugin angular-compiler][0m
    admin-portal/src/app/pages/dashboard.component.ts:19:97:
[37m      19 │ ...[value]="data.pendingPayments()"     icon="💳[32m" to[37mne="warning" />
         ╵                                                [32m~~~~[0m
[31mX [41;31m[[41;97mERROR[41;31m][0m [1mTS2322: Type '"warning"' is not assignable to type '"neutral" | "success" | "danger"'.[0m [1m[35m[plugin angular-compiler][0m
    admin-portal/src/app/pages/payments.component.ts:17:78:
[37m      17 │ ...Pending"  [value]="count('Pending')"  icon="⏳[32m" to[37mne="warning" />
         ╵                                                 [32m~~~~[0m
[39m[22m
[33m>[39m Changes detected. Rebuilding...
[32m√[39m Changes detected. Rebuilding...
[37mApplication bundle generation failed. [0.117 seconds] - 2026-05-10T15:57:49.282Z
[39m
[1m[33m[33m▲ [43;33m[[43;30mWARNING[43;33m][0m [1mNG8113: RouterLink is not used within the template of CommitteesComponent[0m [1m[35m[plugin angular-compiler][0m
    admin-portal/src/app/pages/committees.component.ts:11:39:
[37m      11 │   imports: [CommonModule, FormsModule, [32mRouterLink[37m],
         ╵                                        [32m~~~~~~~~~~[0m
[39m[22m
[1m[31m[31mX [41;31m[[41;97mERROR[41;31m][0m [1mTS2322: Type '({ readonly id: "req_001"; readonly userId: "usr_003"; readonly committeeId: "cm_001"; readonly status: "Pending"; readonly riskFlag: false; readonly requestedAt: "2026-05-09T09:00:00Z"; } | ... 4 more ... | { ...; })[]' is not assignable to type '({ readonly id: "req_001"; readonly userId: "usr_003"; readonly committeeId: "cm_001"; readonly status: "Pending"; readonly riskFlag: false; readonly requestedAt: "2026-05-09T09:00:00Z"; } | { ...; } | { ...; })[]'.
  Type '{ readonly id: "req_001"; readonly userId: "usr_003"; readonly committeeId: "cm_001"; readonly status: "Pending"; readonly riskFlag: false; readonly requestedAt: "2026-05-09T09:00:00Z"; } | ... 4 more ... | { ...; }' is not assignable to type '{ readonly id: "req_001"; readonly userId: "usr_003"; readonly committeeId: "cm_001"; readonly status: "Pending"; readonly riskFlag: false; readonly requestedAt: "2026-05-09T09:00:00Z"; } | { ...; } | { ...; }'.
    Type '{ status: "Approved"; reviewedAt: string; id: "req_001"; userId: "usr_003"; committeeId: "cm_001"; riskFlag: false; requestedAt: "2026-05-09T09:00:00Z"; }' is not assignable to type '{ readonly id: "req_001"; readonly userId: "usr_003"; readonly committeeId: "cm_001"; readonly status: "Pending"; readonly riskFlag: false; readonly requestedAt: "2026-05-09T09:00:00Z"; } | { ...; } | { ...; }'.
      Property 'reviewedBy' is missing in type '{ status: "Approved"; reviewedAt: string; id: "req_001"; userId: "usr_003"; committeeId: "cm_001"; riskFlag: false; requestedAt: "2026-05-09T09:00:00Z"; }' but required in type '{ readonly id: "req_003"; readonly userId: "usr_002"; readonly committeeId: "cm_003"; readonly status: "Approved"; readonly riskFlag: false; readonly reviewedBy: "admin_001"; readonly requestedAt: "2026-05-06T11:30:00Z"; readonly reviewedAt: "2026-05-07T10:00:00Z"; }'.[0m [1m[35m[plugin angular-compiler][0m
    admin-portal/src/app/core/admin-data.service.ts:152:6:
[37[39m[22m[1m[31mm      152 │       [32mlist.map(r => r.id === id ? { ...r, status: 'Approved' as c[37m...
          ╵       [32m~~~~~~~~~~~~~~~~~~~~~~~~~~~~~~~~~~~~~~~~~~~~~~~~~~~~~~~~~~~[0m
  'reviewedBy' is declared here.
    libs/src/lib/shared-types/mocks/index.ts:697:4:
[37m      697 │     [32mreviewedBy: 'admin_001'[37m,
          ╵     [32m~~~~~~~~~~~~~~~~~~~~~~~[0m
  The expected type comes from the return type of this signature.
    node_modules/@angular/core/types/_chrome_dev_tools_performance-chunk.d.ts:28:21:
[37m      28 │     update(updateFn: [32m(value: T) => T[37m): void;
         ╵                      [32m~~~~~~~~~~~~~~~[0m
[31mX [41;31m[[41;97mERROR[41;31m][0m [1mTS2322: Type '({ readonly id: "req_001"; readonly userId: "usr_003"; readonly committeeId: "cm_001"; readonly status: "Pending"; readonly riskFlag: false; readonly requestedAt: "2026-05-09T09:00:00Z"; } | ... 4 more ... | { ...; })[]' is not assignable to type '({ readonly id: "req_001"; readonly userId: "usr_003"; readonly committeeId: "cm_001"; readonly status: "Pending"; readonly riskFlag: false; readonly requestedAt: "2026-05-09T09:00:00Z"; } | { ...; } | { ...; })[]'.
  Type '{ readonly id: "req_001"; readonly userId: "usr_003"; readonly committeeId: "cm_001"; readonly status: "Pending"; readonly riskFlag: false; readonly requestedAt: "2026-05-09T09:00:00Z"; } | ... 4 more ... | { ...; }' is not assignable to type '{ readonly id: "req_001"; readonly userId: "usr_003"; readonly committeeId: "cm_001"; readonly status: "Pending"; readonly riskFlag: false; readonly requestedAt: "2026-05-09T09:00:00Z"; } | { ...; } | { ...; }'.
    Type '{ status: "Rejected"; reviewedAt: string; id: "req_001"; userId: "usr_003"; committeeId: "cm_001"; riskFlag: false; requestedAt: "2026-05-09T09:00:00Z"; }' is not assignable to type '{ readonly id: "req_001"; readonly userId: "usr_003"; readonly committeeId: "cm_001"; readonly status: "Pending"; readonly riskFlag: false; readonly requestedAt: [39m[22m[1m[31m"2026-05-09T09:00:00Z"; } | { ...; } | { ...; }'.
      Type '{ status: "Rejected"; reviewedAt: string; id: "req_001"; userId: "usr_003"; committeeId: "cm_001"; riskFlag: false; requestedAt: "2026-05-09T09:00:00Z"; }' is not assignable to type '{ readonly id: "req_001"; readonly userId: "usr_003"; readonly committeeId: "cm_001"; readonly status: "Pending"; readonly riskFlag: false; readonly requestedAt: "2026-05-09T09:00:00Z"; }'.
        Types of property 'status' are incompatible.
          Type '"Rejected"' is not assignable to type '"Pending"'.[0m [1m[35m[plugin angular-compiler][0m
    admin-portal/src/app/core/admin-data.service.ts:161:6:
[37m      161 │       [32mlist.map(r => r.id === id ? { ...r, status: 'Rejected' as c[37m...
          ╵       [32m~~~~~~~~~~~~~~~~~~~~~~~~~~~~~~~~~~~~~~~~~~~~~~~~~~~~~~~~~~~[0m
  The expected type comes from the return type of this signature.
    node_modules/@angular/core/types/_chrome_dev_tools_performance-chunk.d.ts:28:21:
[37m      28 │     update(updateFn: [32m(value: T) => T[37m): void;
         ╵                      [32m~~~~~~~~~~~~~~~[0m
[31mX [41;31m[[41;97mERROR[41;31m][0m [1mTS2322: Type 'string' is not assignable to type '"req_001" | "req_002" | "req_003"'.[0m [1m[35m[plugin angular-compiler][0m
    admin-portal/src/app/core/admin-data.service.ts:169:6:
[37m      169 │       [32mid[37m: 'req_' + Date.now(),
          ╵       [32m~~[0m
  The expected type comes from property 'id' which is declared here on type '{ readonly id: "req_001"; readonly userId: "usr_003"; readonly committeeId: "cm_001"; readonly status: "Pending"; readonly riskFlag: false; readonly requestedAt: "2026-05-09T09:00:00Z"; } | { ...; } | { ...; }'
    libs/src/lib/shared-types/mocks/index.ts:675:4:
[37m      675 │     [32mid: 'req_001'[37m,
          ╵     [32m~~~~~~~~~~~~~[0m
[31mX [41;31m[[41;97mERROR[41;31m][0m [1mTS2322: Type 'string' is not assignable to type '"usr_003" | "usr_004" | "[39m[22m[1m[31musr_002"'.[0m [1m[35m[plugin angular-compiler][0m
    admin-portal/src/app/core/admin-data.service.ts:170:6:
[37m      170 │       [32muserId[37m,
          ╵       [32m~~~~~~[0m
  The expected type comes from property 'userId' which is declared here on type '{ readonly id: "req_001"; readonly userId: "usr_003"; readonly committeeId: "cm_001"; readonly status: "Pending"; readonly riskFlag: false; readonly requestedAt: "2026-05-09T09:00:00Z"; } | { ...; } | { ...; }'
    libs/src/lib/shared-types/mocks/index.ts:676:4:
[37m      676 │     [32muserId: 'usr_003'[37m,
          ╵     [32m~~~~~~~~~~~~~~~~~[0m
[31mX [41;31m[[41;97mERROR[41;31m][0m [1mTS2322: Type 'string' is not assignable to type '"cm_001" | "cm_002" | "cm_003"'.[0m [1m[35m[plugin angular-compiler][0m
    admin-portal/src/app/core/admin-data.service.ts:171:6:
[37m      171 │       [32mcommitteeId[37m,
          ╵       [32m~~~~~~~~~~~[0m
  The expected type comes from property 'committeeId' which is declared here on type '{ readonly id: "req_001"; readonly userId: "usr_003"; readonly committeeId: "cm_001"; readonly status: "Pending"; readonly riskFlag: false; readonly requestedAt: "2026-05-09T09:00:00Z"; } | { ...; } | { ...; }'
    libs/src/lib/shared-types/mocks/index.ts:677:4:
[37m      677 │     [32mcommitteeId: 'cm_001'[37m,
          ╵     [32m~~~~~~~~~~~~~~~~~~~~~[0m
[31mX [41;31m[[41;97mERROR[41;31m][0m [1mTS2322: Type 'string' is not assignable to type '"2026-05-09T09:00:00Z" | "2026-05-08T13:15:00Z" | "2026-05-06T11:30:00Z"'.[0m [1m[35m[plugin angular-compiler][0m
    admin-portal/src/app/core/admin-data.service.ts:174:6:
[37m      174 │       [32mrequestedAt[37m: new Date().toISOString(),
          ╵       [32m~~~~~~~~~~~[0m
  The expected type comes from property 'requestedAt' which is declared here on type '{ readonly id: "req_001"; readonly userId: "usr_003"; readonly committeeId: "cm_001"; readonly status: "Pending"; readonly risk[39m[22m[1m[31mFlag: false; readonly requestedAt: "2026-05-09T09:00:00Z"; } | { ...; } | { ...; }'
    libs/src/lib/shared-types/mocks/index.ts:680:4:
[37m      680 │     [32mrequestedAt: '2026-05-09T09:00:00Z'[37m,
          ╵     [32m~~~~~~~~~~~~~~~~~~~~~~~~~~~~~~~~~~~[0m
[31mX [41;31m[[41;97mERROR[41;31m][0m [1mTS2345: Argument of type 'string' is not assignable to parameter of type '"cm_001" | "cm_002" | "cm_003"'.[0m [1m[35m[plugin angular-compiler][0m
    admin-portal/src/app/core/admin-data.service.ts:187:62:
[37m      187 │ ...filter(c => approvedIds.includes([32mc.id[37m) || c.leaderId === userId);
          ╵                                     [32m~~~~[0m
[31mX [41;31m[[41;97mERROR[41;31m][0m [1mTS2339: Property 'badge' does not exist on type '{ label: string; path: string; }'.[0m [1m[35m[plugin angular-compiler][0m
    admin-portal/src/app/layout/admin-shell.component.ts:22:24:
[37m      22 │               @if (item.[32mbadge[37m) { <span class="rounded-full bg-bran...
         ╵                         [32m~~~~~[0m
[31mX [41;31m[[41;97mERROR[41;31m][0m [1mTS2339: Property 'badge' does not exist on type '{ label: string; path: string; }'.[0m [1m[35m[plugin angular-compiler][0m
    admin-portal/src/app/layout/admin-shell.component.ts:22:101:
[37m      22 │ ...d-full bg-brand-500 px-2 py-0.5 text-xs">{{ item.[32mbadge[37m }}</span> }
         ╵                                                     [32m~~~~~[0m
[31mX [41;31m[[41;97mERROR[41;31m][0m [1mTS2322: Type '"warning"' is not assignable to type '"neutral" | "success" | "danger"'.[0m [1m[35m[plugin angular-compiler][0m
    admin-portal/src/app/pages/dashboard.component.ts:18:97:
[37m      18 │ ...[value]="data.pendingJoinRequests()" icon="📋[32m" to[37mne="warning" />
         ╵                                                [32m~~~~[0m
[31mX [41;31m[[41;97mERROR[41;31m][0m [1mTS2322: Type '"warning"' is not assignable to type '"neut[39m[22m[1m[31mral" | "success" | "danger"'.[0m [1m[35m[plugin angular-compiler][0m
    admin-portal/src/app/pages/dashboard.component.ts:19:97:
[37m      19 │ ...[value]="data.pendingPayments()"     icon="💳[32m" to[37mne="warning" />
         ╵                                                [32m~~~~[0m
[31mX [41;31m[[41;97mERROR[41;31m][0m [1mTS2322: Type '"warning"' is not assignable to type '"neutral" | "success" | "danger"'.[0m [1m[35m[plugin angular-compiler][0m
    admin-portal/src/app/pages/payments.component.ts:17:78:
[37m      17 │ ...Pending"  [value]="count('Pending')"  icon="⏳[32m" to[37mne="warning" />
         ╵                                                 [32m~~~~[0m
[39m[22m
[33m>[39m Changes detected. Rebuilding...
[32m√[39m Changes detected. Rebuilding...
[37mApplication bundle generation failed. [0.318 seconds] - 2026-05-10T15:58:33.779Z
[39m
[1m[33m[33m▲ [43;33m[[43;30mWARNING[43;33m][0m [1mNG8113: RouterLink is not used within the template of CommitteesComponent[0m [1m[35m[plugin angular-compiler][0m
    admin-portal/src/app/pages/committees.component.ts:11:39:
[37m      11 │   imports: [CommonModule, FormsModule, [32mRouterLink[37m],
         ╵                                        [32m~~~~~~~~~~[0m
[39m[22m
[1m[31m[31mX [41;31m[[41;97mERROR[41;31m][0m [1mTS2322: Type '({ readonly id: "req_001"; readonly userId: "usr_003"; readonly committeeId: "cm_001"; readonly status: "Pending"; readonly riskFlag: false; readonly requestedAt: "2026-05-09T09:00:00Z"; } | ... 4 more ... | { ...; })[]' is not assignable to type '({ readonly id: "req_001"; readonly userId: "usr_003"; readonly committeeId: "cm_001"; readonly status: "Pending"; readonly riskFlag: false; readonly requestedAt: "2026-05-09T09:00:00Z"; } | { ...; } | { ...; })[]'.
  Type '{ readonly id: "req_001"; readonly userId: "usr_003"; readonly committeeId: "cm_001"; readonly status: "Pending"; readonly riskFlag: false; readonly requestedAt: "2026-05-09T09:00:00Z"; } | ... 4 more ... | { ...; }' is not assignable to type '{ readonly id: "req_001"; readonly userId: "usr_003"; readonly committeeId: "cm_001"; readonly status: "Pending"; readonly riskFlag: false; readonly requestedAt: "2026-05-09T09:00:00Z"; } | { ...; } | { ...; }'.
    Type '{ status: "Approved"; reviewedAt: string; id: "req_001"; userId: "usr_003"; committeeId: "cm_001"; riskFlag: false; requestedAt: "2026-05-09T09:00:00Z"; }' is not assignable to type '{ readonly id: "req_001"; readonly userId: "usr_003"; readonly committeeId: "cm_001"; readonly status: "Pending"; readonly riskFlag: false; readonly requestedAt: "2026-05-09T09:00:00Z"; } | { ...; } | { ...; }'.
      Property 'reviewedBy' is missing in type '{ status: "Approved"; reviewedAt: string; id: "req_001"; userId: "usr_003"; committeeId: "cm_001"; riskFlag: false; requestedAt: "2026-05-09T09:00:00Z"; }' but required in type '{ readonly id: "req_003"; readonly userId: "usr_002"; readonly committeeId: "cm_003"; readonly status: "Approved"; readonly riskFlag: false; readonly reviewedBy: "admin_001"; readonly requestedAt: "2026-05-06T11:30:00Z"; readonly reviewedAt: "2026-05-07T10:00:00Z"; }'.[0m [1m[35m[plugin angular-compiler][0m
    admin-portal/src/app/core/admin-data.service.ts:152:6:
[37[39m[22m[1m[31mm      152 │       [32mlist.map(r => r.id === id ? { ...r, status: 'Approved' as c[37m...
          ╵       [32m~~~~~~~~~~~~~~~~~~~~~~~~~~~~~~~~~~~~~~~~~~~~~~~~~~~~~~~~~~~[0m
  'reviewedBy' is declared here.
    libs/src/lib/shared-types/mocks/index.ts:697:4:
[37m      697 │     [32mreviewedBy: 'admin_001'[37m,
          ╵     [32m~~~~~~~~~~~~~~~~~~~~~~~[0m
  The expected type comes from the return type of this signature.
    node_modules/@angular/core/types/_chrome_dev_tools_performance-chunk.d.ts:28:21:
[37m      28 │     update(updateFn: [32m(value: T) => T[37m): void;
         ╵                      [32m~~~~~~~~~~~~~~~[0m
[31mX [41;31m[[41;97mERROR[41;31m][0m [1mTS2322: Type '({ readonly id: "req_001"; readonly userId: "usr_003"; readonly committeeId: "cm_001"; readonly status: "Pending"; readonly riskFlag: false; readonly requestedAt: "2026-05-09T09:00:00Z"; } | ... 4 more ... | { ...; })[]' is not assignable to type '({ readonly id: "req_001"; readonly userId: "usr_003"; readonly committeeId: "cm_001"; readonly status: "Pending"; readonly riskFlag: false; readonly requestedAt: "2026-05-09T09:00:00Z"; } | { ...; } | { ...; })[]'.
  Type '{ readonly id: "req_001"; readonly userId: "usr_003"; readonly committeeId: "cm_001"; readonly status: "Pending"; readonly riskFlag: false; readonly requestedAt: "2026-05-09T09:00:00Z"; } | ... 4 more ... | { ...; }' is not assignable to type '{ readonly id: "req_001"; readonly userId: "usr_003"; readonly committeeId: "cm_001"; readonly status: "Pending"; readonly riskFlag: false; readonly requestedAt: "2026-05-09T09:00:00Z"; } | { ...; } | { ...; }'.
    Type '{ status: "Rejected"; reviewedAt: string; id: "req_001"; userId: "usr_003"; committeeId: "cm_001"; riskFlag: false; requestedAt: "2026-05-09T09:00:00Z"; }' is not assignable to type '{ readonly id: "req_001"; readonly userId: "usr_003"; readonly committeeId: "cm_001"; readonly status: "Pending"; readonly riskFlag: false; readonly requestedAt: [39m[22m[1m[31m"2026-05-09T09:00:00Z"; } | { ...; } | { ...; }'.
      Type '{ status: "Rejected"; reviewedAt: string; id: "req_001"; userId: "usr_003"; committeeId: "cm_001"; riskFlag: false; requestedAt: "2026-05-09T09:00:00Z"; }' is not assignable to type '{ readonly id: "req_001"; readonly userId: "usr_003"; readonly committeeId: "cm_001"; readonly status: "Pending"; readonly riskFlag: false; readonly requestedAt: "2026-05-09T09:00:00Z"; }'.
        Types of property 'status' are incompatible.
          Type '"Rejected"' is not assignable to type '"Pending"'.[0m [1m[35m[plugin angular-compiler][0m
    admin-portal/src/app/core/admin-data.service.ts:161:6:
[37m      161 │       [32mlist.map(r => r.id === id ? { ...r, status: 'Rejected' as c[37m...
          ╵       [32m~~~~~~~~~~~~~~~~~~~~~~~~~~~~~~~~~~~~~~~~~~~~~~~~~~~~~~~~~~~[0m
  The expected type comes from the return type of this signature.
    node_modules/@angular/core/types/_chrome_dev_tools_performance-chunk.d.ts:28:21:
[37m      28 │     update(updateFn: [32m(value: T) => T[37m): void;
         ╵                      [32m~~~~~~~~~~~~~~~[0m
[31mX [41;31m[[41;97mERROR[41;31m][0m [1mTS2322: Type 'string' is not assignable to type '"req_001" | "req_002" | "req_003"'.[0m [1m[35m[plugin angular-compiler][0m
    admin-portal/src/app/core/admin-data.service.ts:169:6:
[37m      169 │       [32mid[37m: 'req_' + Date.now(),
          ╵       [32m~~[0m
  The expected type comes from property 'id' which is declared here on type '{ readonly id: "req_001"; readonly userId: "usr_003"; readonly committeeId: "cm_001"; readonly status: "Pending"; readonly riskFlag: false; readonly requestedAt: "2026-05-09T09:00:00Z"; } | { ...; } | { ...; }'
    libs/src/lib/shared-types/mocks/index.ts:675:4:
[37m      675 │     [32mid: 'req_001'[37m,
          ╵     [32m~~~~~~~~~~~~~[0m
[31mX [41;31m[[41;97mERROR[41;31m][0m [1mTS2322: Type 'string' is not assignable to type '"usr_003" | "usr_004" | "[39m[22m[1m[31musr_002"'.[0m [1m[35m[plugin angular-compiler][0m
    admin-portal/src/app/core/admin-data.service.ts:170:6:
[37m      170 │       [32muserId[37m,
          ╵       [32m~~~~~~[0m
  The expected type comes from property 'userId' which is declared here on type '{ readonly id: "req_001"; readonly userId: "usr_003"; readonly committeeId: "cm_001"; readonly status: "Pending"; readonly riskFlag: false; readonly requestedAt: "2026-05-09T09:00:00Z"; } | { ...; } | { ...; }'
    libs/src/lib/shared-types/mocks/index.ts:676:4:
[37m      676 │     [32muserId: 'usr_003'[37m,
          ╵     [32m~~~~~~~~~~~~~~~~~[0m
[31mX [41;31m[[41;97mERROR[41;31m][0m [1mTS2322: Type 'string' is not assignable to type '"cm_001" | "cm_002" | "cm_003"'.[0m [1m[35m[plugin angular-compiler][0m
    admin-portal/src/app/core/admin-data.service.ts:171:6:
[37m      171 │       [32mcommitteeId[37m,
          ╵       [32m~~~~~~~~~~~[0m
  The expected type comes from property 'committeeId' which is declared here on type '{ readonly id: "req_001"; readonly userId: "usr_003"; readonly committeeId: "cm_001"; readonly status: "Pending"; readonly riskFlag: false; readonly requestedAt: "2026-05-09T09:00:00Z"; } | { ...; } | { ...; }'
    libs/src/lib/shared-types/mocks/index.ts:677:4:
[37m      677 │     [32mcommitteeId: 'cm_001'[37m,
          ╵     [32m~~~~~~~~~~~~~~~~~~~~~[0m
[31mX [41;31m[[41;97mERROR[41;31m][0m [1mTS2322: Type 'string' is not assignable to type '"2026-05-09T09:00:00Z" | "2026-05-08T13:15:00Z" | "2026-05-06T11:30:00Z"'.[0m [1m[35m[plugin angular-compiler][0m
    admin-portal/src/app/core/admin-data.service.ts:174:6:
[37m      174 │       [32mrequestedAt[37m: new Date().toISOString(),
          ╵       [32m~~~~~~~~~~~[0m
  The expected type comes from property 'requestedAt' which is declared here on type '{ readonly id: "req_001"; readonly userId: "usr_003"; readonly committeeId: "cm_001"; readonly status: "Pending"; readonly risk[39m[22m[1m[31mFlag: false; readonly requestedAt: "2026-05-09T09:00:00Z"; } | { ...; } | { ...; }'
    libs/src/lib/shared-types/mocks/index.ts:680:4:
[37m      680 │     [32mrequestedAt: '2026-05-09T09:00:00Z'[37m,
          ╵     [32m~~~~~~~~~~~~~~~~~~~~~~~~~~~~~~~~~~~[0m
[31mX [41;31m[[41;97mERROR[41;31m][0m [1mTS2345: Argument of type 'string' is not assignable to parameter of type '"cm_001" | "cm_002" | "cm_003"'.[0m [1m[35m[plugin angular-compiler][0m
    admin-portal/src/app/core/admin-data.service.ts:187:62:
[37m      187 │ ...filter(c => approvedIds.includes([32mc.id[37m) || c.leaderId === userId);
          ╵                                     [32m~~~~[0m
[31mX [41;31m[[41;97mERROR[41;31m][0m [1mTS2339: Property 'badge' does not exist on type '{ label: string; path: string; }'.[0m [1m[35m[plugin angular-compiler][0m
    admin-portal/src/app/layout/admin-shell.component.ts:22:24:
[37m      22 │               @if (item.[32mbadge[37m) { <span class="rounded-full bg-bran...
         ╵                         [32m~~~~~[0m
[31mX [41;31m[[41;97mERROR[41;31m][0m [1mTS2339: Property 'badge' does not exist on type '{ label: string; path: string; }'.[0m [1m[35m[plugin angular-compiler][0m
    admin-portal/src/app/layout/admin-shell.component.ts:22:101:
[37m      22 │ ...d-full bg-brand-500 px-2 py-0.5 text-xs">{{ item.[32mbadge[37m }}</span> }
         ╵                                                     [32m~~~~~[0m
[31mX [41;31m[[41;97mERROR[41;31m][0m [1mTS2322: Type '"warning"' is not assignable to type '"neutral" | "success" | "danger"'.[0m [1m[35m[plugin angular-compiler][0m
    admin-portal/src/app/pages/dashboard.component.ts:18:97:
[37m      18 │ ...[value]="data.pendingJoinRequests()" icon="📋[32m" to[37mne="warning" />
         ╵                                                [32m~~~~[0m
[31mX [41;31m[[41;97mERROR[41;31m][0m [1mTS2322: Type '"warning"' is not assignable to type '"neut[39m[22m[1m[31mral" | "success" | "danger"'.[0m [1m[35m[plugin angular-compiler][0m
    admin-portal/src/app/pages/dashboard.component.ts:19:97:
[37m      19 │ ...[value]="data.pendingPayments()"     icon="💳[32m" to[37mne="warning" />
         ╵                                                [32m~~~~[0m
[31mX [41;31m[[41;97mERROR[41;31m][0m [1mTS2322: Type '"warning"' is not assignable to type '"neutral" | "success" | "danger"'.[0m [1m[35m[plugin angular-compiler][0m
    admin-portal/src/app/pages/payments.component.ts:17:78:
[37m      17 │ ...Pending"  [value]="count('Pending')"  icon="⏳[32m" to[37mne="warning" />
         ╵                                                 [32m~~~~[0m
[39m[22m
[33m>[39m Changes detected. Rebuilding...
[32m√[39m Changes detected. Rebuilding...
[37mApplication bundle generation failed. [0.195 seconds] - 2026-05-10T15:59:13.881Z
[39m
[1m[33m[33m▲ [43;33m[[43;30mWARNING[43;33m][0m [1mNG8113: RouterLink is not used within the template of CommitteesComponent[0m [1m[35m[plugin angular-compiler][0m
    admin-portal/src/app/pages/committees.component.ts:11:39:
[37m      11 │   imports: [CommonModule, FormsModule, [32mRouterLink[37m],
         ╵                                        [32m~~~~~~~~~~[0m
[39m[22m
[1m[31m[31mX [41;31m[[41;97mERROR[41;31m][0m [1mTS2322: Type '({ readonly id: "req_001"; readonly userId: "usr_003"; readonly committeeId: "cm_001"; readonly status: "Pending"; readonly riskFlag: false; readonly requestedAt: "2026-05-09T09:00:00Z"; } | ... 4 more ... | { ...; })[]' is not assignable to type '({ readonly id: "req_001"; readonly userId: "usr_003"; readonly committeeId: "cm_001"; readonly status: "Pending"; readonly riskFlag: false; readonly requestedAt: "2026-05-09T09:00:00Z"; } | { ...; } | { ...; })[]'.
  Type '{ readonly id: "req_001"; readonly userId: "usr_003"; readonly committeeId: "cm_001"; readonly status: "Pending"; readonly riskFlag: false; readonly requestedAt: "2026-05-09T09:00:00Z"; } | ... 4 more ... | { ...; }' is not assignable to type '{ readonly id: "req_001"; readonly userId: "usr_003"; readonly committeeId: "cm_001"; readonly status: "Pending"; readonly riskFlag: false; readonly requestedAt: "2026-05-09T09:00:00Z"; } | { ...; } | { ...; }'.
    Type '{ status: "Approved"; reviewedAt: string; id: "req_001"; userId: "usr_003"; committeeId: "cm_001"; riskFlag: false; requestedAt: "2026-05-09T09:00:00Z"; }' is not assignable to type '{ readonly id: "req_001"; readonly userId: "usr_003"; readonly committeeId: "cm_001"; readonly status: "Pending"; readonly riskFlag: false; readonly requestedAt: "2026-05-09T09:00:00Z"; } | { ...; } | { ...; }'.
      Property 'reviewedBy' is missing in type '{ status: "Approved"; reviewedAt: string; id: "req_001"; userId: "usr_003"; committeeId: "cm_001"; riskFlag: false; requestedAt: "2026-05-09T09:00:00Z"; }' but required in type '{ readonly id: "req_003"; readonly userId: "usr_002"; readonly committeeId: "cm_003"; readonly status: "Approved"; readonly riskFlag: false; readonly reviewedBy: "admin_001"; readonly requestedAt: "2026-05-06T11:30:00Z"; readonly reviewedAt: "2026-05-07T10:00:00Z"; }'.[0m [1m[35m[plugin angular-compiler][0m
    admin-portal/src/app/core/admin-data.service.ts:152:6:
[37[39m[22m[1m[31mm      152 │       [32mlist.map(r => r.id === id ? { ...r, status: 'Approved' as c[37m...
          ╵       [32m~~~~~~~~~~~~~~~~~~~~~~~~~~~~~~~~~~~~~~~~~~~~~~~~~~~~~~~~~~~[0m
  'reviewedBy' is declared here.
    libs/src/lib/shared-types/mocks/index.ts:697:4:
[37m      697 │     [32mreviewedBy: 'admin_001'[37m,
          ╵     [32m~~~~~~~~~~~~~~~~~~~~~~~[0m
  The expected type comes from the return type of this signature.
    node_modules/@angular/core/types/_chrome_dev_tools_performance-chunk.d.ts:28:21:
[37m      28 │     update(updateFn: [32m(value: T) => T[37m): void;
         ╵                      [32m~~~~~~~~~~~~~~~[0m
[31mX [41;31m[[41;97mERROR[41;31m][0m [1mTS2322: Type '({ readonly id: "req_001"; readonly userId: "usr_003"; readonly committeeId: "cm_001"; readonly status: "Pending"; readonly riskFlag: false; readonly requestedAt: "2026-05-09T09:00:00Z"; } | ... 4 more ... | { ...; })[]' is not assignable to type '({ readonly id: "req_001"; readonly userId: "usr_003"; readonly committeeId: "cm_001"; readonly status: "Pending"; readonly riskFlag: false; readonly requestedAt: "2026-05-09T09:00:00Z"; } | { ...; } | { ...; })[]'.
  Type '{ readonly id: "req_001"; readonly userId: "usr_003"; readonly committeeId: "cm_001"; readonly status: "Pending"; readonly riskFlag: false; readonly requestedAt: "2026-05-09T09:00:00Z"; } | ... 4 more ... | { ...; }' is not assignable to type '{ readonly id: "req_001"; readonly userId: "usr_003"; readonly committeeId: "cm_001"; readonly status: "Pending"; readonly riskFlag: false; readonly requestedAt: "2026-05-09T09:00:00Z"; } | { ...; } | { ...; }'.
    Type '{ status: "Rejected"; reviewedAt: string; id: "req_001"; userId: "usr_003"; committeeId: "cm_001"; riskFlag: false; requestedAt: "2026-05-09T09:00:00Z"; }' is not assignable to type '{ readonly id: "req_001"; readonly userId: "usr_003"; readonly committeeId: "cm_001"; readonly status: "Pending"; readonly riskFlag: false; readonly requestedAt: [39m[22m[1m[31m"2026-05-09T09:00:00Z"; } | { ...; } | { ...; }'.
      Type '{ status: "Rejected"; reviewedAt: string; id: "req_001"; userId: "usr_003"; committeeId: "cm_001"; riskFlag: false; requestedAt: "2026-05-09T09:00:00Z"; }' is not assignable to type '{ readonly id: "req_001"; readonly userId: "usr_003"; readonly committeeId: "cm_001"; readonly status: "Pending"; readonly riskFlag: false; readonly requestedAt: "2026-05-09T09:00:00Z"; }'.
        Types of property 'status' are incompatible.
          Type '"Rejected"' is not assignable to type '"Pending"'.[0m [1m[35m[plugin angular-compiler][0m
    admin-portal/src/app/core/admin-data.service.ts:161:6:
[37m      161 │       [32mlist.map(r => r.id === id ? { ...r, status: 'Rejected' as c[37m...
          ╵       [32m~~~~~~~~~~~~~~~~~~~~~~~~~~~~~~~~~~~~~~~~~~~~~~~~~~~~~~~~~~~[0m
  The expected type comes from the return type of this signature.
    node_modules/@angular/core/types/_chrome_dev_tools_performance-chunk.d.ts:28:21:
[37m      28 │     update(updateFn: [32m(value: T) => T[37m): void;
         ╵                      [32m~~~~~~~~~~~~~~~[0m
[31mX [41;31m[[41;97mERROR[41;31m][0m [1mTS2322: Type 'string' is not assignable to type '"req_001" | "req_002" | "req_003"'.[0m [1m[35m[plugin angular-compiler][0m
    admin-portal/src/app/core/admin-data.service.ts:169:6:
[37m      169 │       [32mid[37m: 'req_' + Date.now(),
          ╵       [32m~~[0m
  The expected type comes from property 'id' which is declared here on type '{ readonly id: "req_001"; readonly userId: "usr_003"; readonly committeeId: "cm_001"; readonly status: "Pending"; readonly riskFlag: false; readonly requestedAt: "2026-05-09T09:00:00Z"; } | { ...; } | { ...; }'
    libs/src/lib/shared-types/mocks/index.ts:675:4:
[37m      675 │     [32mid: 'req_001'[37m,
          ╵     [32m~~~~~~~~~~~~~[0m
[31mX [41;31m[[41;97mERROR[41;31m][0m [1mTS2322: Type 'string' is not assignable to type '"usr_003" | "usr_004" | "[39m[22m[1m[31musr_002"'.[0m [1m[35m[plugin angular-compiler][0m
    admin-portal/src/app/core/admin-data.service.ts:170:6:
[37m      170 │       [32muserId[37m,
          ╵       [32m~~~~~~[0m
  The expected type comes from property 'userId' which is declared here on type '{ readonly id: "req_001"; readonly userId: "usr_003"; readonly committeeId: "cm_001"; readonly status: "Pending"; readonly riskFlag: false; readonly requestedAt: "2026-05-09T09:00:00Z"; } | { ...; } | { ...; }'
    libs/src/lib/shared-types/mocks/index.ts:676:4:
[37m      676 │     [32muserId: 'usr_003'[37m,
          ╵     [32m~~~~~~~~~~~~~~~~~[0m
[31mX [41;31m[[41;97mERROR[41;31m][0m [1mTS2322: Type 'string' is not assignable to type '"cm_001" | "cm_002" | "cm_003"'.[0m [1m[35m[plugin angular-compiler][0m
    admin-portal/src/app/core/admin-data.service.ts:171:6:
[37m      171 │       [32mcommitteeId[37m,
          ╵       [32m~~~~~~~~~~~[0m
  The expected type comes from property 'committeeId' which is declared here on type '{ readonly id: "req_001"; readonly userId: "usr_003"; readonly committeeId: "cm_001"; readonly status: "Pending"; readonly riskFlag: false; readonly requestedAt: "2026-05-09T09:00:00Z"; } | { ...; } | { ...; }'
    libs/src/lib/shared-types/mocks/index.ts:677:4:
[37m      677 │     [32mcommitteeId: 'cm_001'[37m,
          ╵     [32m~~~~~~~~~~~~~~~~~~~~~[0m
[31mX [41;31m[[41;97mERROR[41;31m][0m [1mTS2322: Type 'string' is not assignable to type '"2026-05-09T09:00:00Z" | "2026-05-08T13:15:00Z" | "2026-05-06T11:30:00Z"'.[0m [1m[35m[plugin angular-compiler][0m
    admin-portal/src/app/core/admin-data.service.ts:174:6:
[37m      174 │       [32mrequestedAt[37m: new Date().toISOString(),
          ╵       [32m~~~~~~~~~~~[0m
  The expected type comes from property 'requestedAt' which is declared here on type '{ readonly id: "req_001"; readonly userId: "usr_003"; readonly committeeId: "cm_001"; readonly status: "Pending"; readonly risk[39m[22m[1m[31mFlag: false; readonly requestedAt: "2026-05-09T09:00:00Z"; } | { ...; } | { ...; }'
    libs/src/lib/shared-types/mocks/index.ts:680:4:
[37m      680 │     [32mrequestedAt: '2026-05-09T09:00:00Z'[37m,
          ╵     [32m~~~~~~~~~~~~~~~~~~~~~~~~~~~~~~~~~~~[0m
[31mX [41;31m[[41;97mERROR[41;31m][0m [1mTS2345: Argument of type 'string' is not assignable to parameter of type '"cm_001" | "cm_002" | "cm_003"'.[0m [1m[35m[plugin angular-compiler][0m
    admin-portal/src/app/core/admin-data.service.ts:187:62:
[37m      187 │ ...filter(c => approvedIds.includes([32mc.id[37m) || c.leaderId === userId);
          ╵                                     [32m~~~~[0m
[31mX [41;31m[[41;97mERROR[41;31m][0m [1mTS2339: Property 'badge' does not exist on type '{ label: string; path: string; }'.[0m [1m[35m[plugin angular-compiler][0m
    admin-portal/src/app/layout/admin-shell.component.ts:22:24:
[37m      22 │               @if (item.[32mbadge[37m) { <span class="rounded-full bg-bran...
         ╵                         [32m~~~~~[0m
[31mX [41;31m[[41;97mERROR[41;31m][0m [1mTS2339: Property 'badge' does not exist on type '{ label: string; path: string; }'.[0m [1m[35m[plugin angular-compiler][0m
    admin-portal/src/app/layout/admin-shell.component.ts:22:101:
[37m      22 │ ...d-full bg-brand-500 px-2 py-0.5 text-xs">{{ item.[32mbadge[37m }}</span> }
         ╵                                                     [32m~~~~~[0m
[31mX [41;31m[[41;97mERROR[41;31m][0m [1mTS2322: Type '"warning"' is not assignable to type '"neutral" | "success" | "danger"'.[0m [1m[35m[plugin angular-compiler][0m
    admin-portal/src/app/pages/dashboard.component.ts:18:97:
[37m      18 │ ...[value]="data.pendingJoinRequests()" icon="📋[32m" to[37mne="warning" />
         ╵                                                [32m~~~~[0m
[31mX [41;31m[[41;97mERROR[41;31m][0m [1mTS2322: Type '"warning"' is not assignable to type '"neut[39m[22m
[1m[31mral" | "success" | "danger"'.[0m [1m[35m[plugin angular-compiler][0m
    admin-portal/src/app/pages/dashboard.component.ts:19:97:
[37m      19 │ ...[value]="data.pendingPayments()"     icon="💳[32m" to[37mne="warning" />
         ╵                                                [32m~~~~[0m
[31mX [41;31m[[41;97mERROR[41;31m][0m [1mTS2322: Type '"warning"' is not assignable to type '"neutral" | "success" | "danger"'.[0m [1m[35m[plugin angular-compiler][0m
    admin-portal/src/app/pages/payments.component.ts:17:78:
[37m      17 │ ...Pending"  [value]="count('Pending')"  icon="⏳[32m" to[37mne="warning" />
         ╵                                                 [32m~~~~[0m
[39m[22m
[33m>[39m Changes detected. Rebuilding...
[32m√[39m Changes detected. Rebuilding...
[37mApplication bundle generation failed. [0.183 seconds] - 2026-05-10T15:59:58.329Z
[39m
[1m[33m[33m▲ [43;33m[[43;30mWARNING[43;33m][0m [1mNG8113: RouterLink is not used within the template of CommitteesComponent[0m [1m[35m[plugin angular-compiler][0m
    admin-portal/src/app/pages/committees.component.ts:11:39:
[37m      11 │   imports: [CommonModule, FormsModule, [32mRouterLink[37m],
         ╵                                        [32m~~~~~~~~~~[0m
[39m[22m
[1m[31m[31mX [41;31m[[41;97mERROR[41;31m][0m [1mTS2322: Type '({ readonly id: "req_001"; readonly userId: "usr_003"; readonly committeeId: "cm_001"; readonly status: "Pending"; readonly riskFlag: false; readonly requestedAt: "2026-05-09T09:00:00Z"; } | ... 4 more ... | { ...; })[]' is not assignable to type '({ readonly id: "req_001"; readonly userId: "usr_003"; readonly committeeId: "cm_001"; readonly status: "Pending"; readonly riskFlag: false; readonly requestedAt: "2026-05-09T09:00:00Z"; } | { ...; } | { ...; })[]'.
  Type '{ readonly id: "req_001"; readonly userId: "usr_003"; readonly committeeId: "cm_001"; readonly status: "Pending"; readonly riskFlag: false; readonly requestedAt: "2026-05-09T09:00:00Z"; } | ... 4 more ... | { ...; }' is not assignable to type '{ readonly id: "req_001"; readonly userId: "usr_003"; readonly committeeId: "cm_001"; readonly status: "Pending"; readonly riskFlag: false; readonly requestedAt: "2026-05-09T09:00:00Z"; } | { ...; } | { ...; }'.
    Type '{ status: "Approved"; reviewedAt: string; id: "req_001"; userId: "usr_003"; committeeId: "cm_001"; riskFlag: false; requestedAt: "2026-05-09T09:00:00Z"; }' is not assignable to type '{ readonly id: "req_001"; readonly userId: "usr_003"; readonly committeeId: "cm_001"; readonly status: "Pending"; readonly riskFlag: false; readonly requestedAt: "2026-05-09T09:00:00Z"; } | { ...; } | { ...; }'.
      Property 'reviewedBy' is missing in type '{ status: "Approved"; reviewedAt: string; id: "req_001"; userId: "usr_003"; committeeId: "cm_001"; riskFlag: false; requestedAt: "2026-05-09T09:00:00Z"; }' but required in type '{ readonly id: "req_003"; readonly userId: "usr_002"; readonly committeeId: "cm_003"; readonly status: "Approved"; readonly riskFlag: false; readonly reviewedBy: "admin_001"; readonly requestedAt: "2026-05-06T11:30:00Z"; readonly reviewedAt: "2026-05-07T10:00:00Z"; }'.[0m [1m[35m[plugin angular-compiler][0m
    admin-portal/src/app/core/admin-data.service.ts:152:6:
[37[39m[22m[1m[31mm      152 │       [32mlist.map(r => r.id === id ? { ...r, status: 'Approved' as c[37m...
          ╵       [32m~~~~~~~~~~~~~~~~~~~~~~~~~~~~~~~~~~~~~~~~~~~~~~~~~~~~~~~~~~~[0m
  'reviewedBy' is declared here.
    libs/src/lib/shared-types/mocks/index.ts:697:4:
[37m      697 │     [32mreviewedBy: 'admin_001'[37m,
          ╵     [32m~~~~~~~~~~~~~~~~~~~~~~~[0m
  The expected type comes from the return type of this signature.
    node_modules/@angular/core/types/_chrome_dev_tools_performance-chunk.d.ts:28:21:
[37m      28 │     update(updateFn: [32m(value: T) => T[37m): void;
         ╵                      [32m~~~~~~~~~~~~~~~[0m
[31mX [41;31m[[41;97mERROR[41;31m][0m [1mTS2322: Type '({ readonly id: "req_001"; readonly userId: "usr_003"; readonly committeeId: "cm_001"; readonly status: "Pending"; readonly riskFlag: false; readonly requestedAt: "2026-05-09T09:00:00Z"; } | ... 4 more ... | { ...; })[]' is not assignable to type '({ readonly id: "req_001"; readonly userId: "usr_003"; readonly committeeId: "cm_001"; readonly status: "Pending"; readonly riskFlag: false; readonly requestedAt: "2026-05-09T09:00:00Z"; } | { ...; } | { ...; })[]'.
  Type '{ readonly id: "req_001"; readonly userId: "usr_003"; readonly committeeId: "cm_001"; readonly status: "Pending"; readonly riskFlag: false; readonly requestedAt: "2026-05-09T09:00:00Z"; } | ... 4 more ... | { ...; }' is not assignable to type '{ readonly id: "req_001"; readonly userId: "usr_003"; readonly committeeId: "cm_001"; readonly status: "Pending"; readonly riskFlag: false; readonly requestedAt: "2026-05-09T09:00:00Z"; } | { ...; } | { ...; }'.
    Type '{ status: "Rejected"; reviewedAt: string; id: "req_001"; userId: "usr_003"; committeeId: "cm_001"; riskFlag: false; requestedAt: "2026-05-09T09:00:00Z"; }' is not assignable to type '{ readonly id: "req_001"; readonly userId: "usr_003"; readonly committeeId: "cm_001"; readonly status: "Pending"; readonly riskFlag: false; readonly requestedAt: [39m[22m
[1m[31m"2026-05-09T09:00:00Z"; } | { ...; } | { ...; }'.
      Type '{ status: "Rejected"; reviewedAt: string; id: "req_001"; userId: "usr_003"; committeeId: "cm_001"; riskFlag: false; requestedAt: "2026-05-09T09:00:00Z"; }' is not assignable to type '{ readonly id: "req_001"; readonly userId: "usr_003"; readonly committeeId: "cm_001"; readonly status: "Pending"; readonly riskFlag: false; readonly requestedAt: "2026-05-09T09:00:00Z"; }'.
        Types of property 'status' are incompatible.
          Type '"Rejected"' is not assignable to type '"Pending"'.[0m [1m[35m[plugin angular-compiler][0m
    admin-portal/src/app/core/admin-data.service.ts:161:6:
[37m      161 │       [32mlist.map(r => r.id === id ? { ...r, status: 'Rejected' as c[37m...
          ╵       [32m~~~~~~~~~~~~~~~~~~~~~~~~~~~~~~~~~~~~~~~~~~~~~~~~~~~~~~~~~~~[0m
  The expected type comes from the return type of this signature.
    node_modules/@angular/core/types/_chrome_dev_tools_performance-chunk.d.ts:28:21:
[37m      28 │     update(updateFn: [32m(value: T) => T[37m): void;
         ╵                      [32m~~~~~~~~~~~~~~~[0m
[31mX [41;31m[[41;97mERROR[41;31m][0m [1mTS2322: Type 'string' is not assignable to type '"req_001" | "req_002" | "req_003"'.[0m [1m[35m[plugin angular-compiler][0m
    admin-portal/src/app/core/admin-data.service.ts:169:6:
[37m      169 │       [32mid[37m: 'req_' + Date.now(),
          ╵       [32m~~[0m
  The expected type comes from property 'id' which is declared here on type '{ readonly id: "req_001"; readonly userId: "usr_003"; readonly committeeId: "cm_001"; readonly status: "Pending"; readonly riskFlag: false; readonly requestedAt: "2026-05-09T09:00:00Z"; } | { ...; } | { ...; }'
    libs/src/lib/shared-types/mocks/index.ts:675:4:
[37m      675 │     [32mid: 'req_001'[37m,
          ╵     [32m~~~~~~~~~~~~~[0m
[31mX [41;31m[[41;97mERROR[41;31m][0m [1mTS2322: Type 'string' is not assignable to type '"usr_003" | "usr_004" | "[39m[22m[1m[31musr_002"'.[0m [1m[35m[plugin angular-compiler][0m
    admin-portal/src/app/core/admin-data.service.ts:170:6:
[37m      170 │       [32muserId[37m,
          ╵       [32m~~~~~~[0m
  The expected type comes from property 'userId' which is declared here on type '{ readonly id: "req_001"; readonly userId: "usr_003"; readonly committeeId: "cm_001"; readonly status: "Pending"; readonly riskFlag: false; readonly requestedAt: "2026-05-09T09:00:00Z"; } | { ...; } | { ...; }'
    libs/src/lib/shared-types/mocks/index.ts:676:4:
[37m      676 │     [32muserId: 'usr_003'[37m,
          ╵     [32m~~~~~~~~~~~~~~~~~[0m
[31mX [41;31m[[41;97mERROR[41;31m][0m [1mTS2322: Type 'string' is not assignable to type '"cm_001" | "cm_002" | "cm_003"'.[0m [1m[35m[plugin angular-compiler][0m
    admin-portal/src/app/core/admin-data.service.ts:171:6:
[37m      171 │       [32mcommitteeId[37m,
          ╵       [32m~~~~~~~~~~~[0m
  The expected type comes from property 'committeeId' which is declared here on type '{ readonly id: "req_001"; readonly userId: "usr_003"; readonly committeeId: "cm_001"; readonly status: "Pending"; readonly riskFlag: false; readonly requestedAt: "2026-05-09T09:00:00Z"; } | { ...; } | { ...; }'
    libs/src/lib/shared-types/mocks/index.ts:677:4:
[37m      677 │     [32mcommitteeId: 'cm_001'[37m,
          ╵     [32m~~~~~~~~~~~~~~~~~~~~~[0m
[31mX [41;31m[[41;97mERROR[41;31m][0m [1mTS2322: Type 'string' is not assignable to type '"2026-05-09T09:00:00Z" | "2026-05-08T13:15:00Z" | "2026-05-06T11:30:00Z"'.[0m [1m[35m[plugin angular-compiler][0m
    admin-portal/src/app/core/admin-data.service.ts:174:6:
[37m      174 │       [32mrequestedAt[37m: new Date().toISOString(),
          ╵       [32m~~~~~~~~~~~[0m
  The expected type comes from property 'requestedAt' which is declared here on type '{ readonly id: "req_001"; readonly userId: "usr_003"; readonly committeeId: "cm_001"; readonly status: "Pending"; readonly risk[39m[22m[1m[31mFlag: false; readonly requestedAt: "2026-05-09T09:00:00Z"; } | { ...; } | { ...; }'
    libs/src/lib/shared-types/mocks/index.ts:680:4:
[37m      680 │     [32mrequestedAt: '2026-05-09T09:00:00Z'[37m,
          ╵     [32m~~~~~~~~~~~~~~~~~~~~~~~~~~~~~~~~~~~[0m
[31mX [41;31m[[41;97mERROR[41;31m][0m [1mTS2345: Argument of type 'string' is not assignable to parameter of type '"cm_001" | "cm_002" | "cm_003"'.[0m [1m[35m[plugin angular-compiler][0m
    admin-portal/src/app/core/admin-data.service.ts:187:62:
[37m      187 │ ...filter(c => approvedIds.includes([32mc.id[37m) || c.leaderId === userId);
          ╵                                     [32m~~~~[0m
[31mX [41;31m[[41;97mERROR[41;31m][0m [1mTS2339: Property 'badge' does not exist on type '{ label: string; path: string; }'.[0m [1m[35m[plugin angular-compiler][0m
    admin-portal/src/app/layout/admin-shell.component.ts:22:24:
[37m      22 │               @if (item.[32mbadge[37m) { <span class="rounded-full bg-bran...
         ╵                         [32m~~~~~[0m
[31mX [41;31m[[41;97mERROR[41;31m][0m [1mTS2339: Property 'badge' does not exist on type '{ label: string; path: string; }'.[0m [1m[35m[plugin angular-compiler][0m
    admin-portal/src/app/layout/admin-shell.component.ts:22:101:
[37m      22 │ ...d-full bg-brand-500 px-2 py-0.5 text-xs">{{ item.[32mbadge[37m }}</span> }
         ╵                                                     [32m~~~~~[0m
[31mX [41;31m[[41;97mERROR[41;31m][0m [1mTS2322: Type '"warning"' is not assignable to type '"neutral" | "success" | "danger"'.[0m [1m[35m[plugin angular-compiler][0m
    admin-portal/src/app/pages/dashboard.component.ts:18:97:
[37m      18 │ ...[value]="data.pendingJoinRequests()" icon="📋[32m" to[37mne="warning" />
         ╵                                                [32m~~~~[0m
[31mX [41;31m[[41;97mERROR[41;31m][0m [1mTS2322: Type '"warning"' is not assignable to type '"neut[39m[22m[1m[31mral" | "success" | "danger"'.[0m [1m[35m[plugin angular-compiler][0m
    admin-portal/src/app/pages/dashboard.component.ts:19:97:
[37m      19 │ ...[value]="data.pendingPayments()"     icon="💳[32m" to[37mne="warning" />
         ╵                                                [32m~~~~[0m
[31mX [41;31m[[41;97mERROR[41;31m][0m [1mTS2322: Type '"warning"' is not assignable to type '"neutral" | "success" | "danger"'.[0m [1m[35m[plugin angular-compiler][0m
    admin-portal/src/app/pages/payments.component.ts:17:78:
[37m      17 │ ...Pending"  [value]="count('Pending')"  icon="⏳[32m" to[37mne="warning" />
         ╵                                                 [32m~~~~[0m
[39m[22m
[33m>[39m Changes detected. Rebuilding...
[32m√[39m Changes detected. Rebuilding...
[37mApplication bundle generation failed. [0.186 seconds] - 2026-05-10T16:00:35.482Z
[39m
[1m[33m[33m▲ [43;33m[[43;30mWARNING[43;33m][0m [1mNG8113: RouterLink is not used within the template of CommitteesComponent[0m [1m[35m[plugin angular-compiler][0m
    admin-portal/src/app/pages/committees.component.ts:11:39:
[37m      11 │   imports: [CommonModule, FormsModule, [32mRouterLink[37m],
         ╵                                        [32m~~~~~~~~~~[0m
[39m[22m
[1m[31m[31mX [41;31m[[41;97mERROR[41;31m][0m [1mTS2322: Type '({ readonly id: "req_001"; readonly userId: "usr_003"; readonly committeeId: "cm_001"; readonly status: "Pending"; readonly riskFlag: false; readonly requestedAt: "2026-05-09T09:00:00Z"; } | ... 4 more ... | { ...; })[]' is not assignable to type '({ readonly id: "req_001"; readonly userId: "usr_003"; readonly committeeId: "cm_001"; readonly status: "Pending"; readonly riskFlag: false; readonly requestedAt: "2026-05-09T09:00:00Z"; } | { ...; } | { ...; })[]'.
  Type '{ readonly id: "req_001"; readonly userId: "usr_003"; readonly committeeId: "cm_001"; readonly status: "Pending"; readonly riskFlag: false; readonly requestedAt: "2026-05-09T09:00:00Z"; } | ... 4 more ... | { ...; }' is not assignable to type '{ readonly id: "req_001"; readonly userId: "usr_003"; readonly committeeId: "cm_001"; readonly status: "Pending"; readonly riskFlag: false; readonly requestedAt: "2026-05-09T09:00:00Z"; } | { ...; } | { ...; }'.
    Type '{ status: "Approved"; reviewedAt: string; id: "req_001"; userId: "usr_003"; committeeId: "cm_001"; riskFlag: false; requestedAt: "2026-05-09T09:00:00Z"; }' is not assignable to type '{ readonly id: "req_001"; readonly userId: "usr_003"; readonly committeeId: "cm_001"; readonly status: "Pending"; readonly riskFlag: false; readonly requestedAt: "2026-05-09T09:00:00Z"; } | { ...; } | { ...; }'.
      Property 'reviewedBy' is missing in type '{ status: "Approved"; reviewedAt: string; id: "req_001"; userId: "usr_003"; committeeId: "cm_001"; riskFlag: false; requestedAt: "2026-05-09T09:00:00Z"; }' but required in type '{ readonly id: "req_003"; readonly userId: "usr_002"; readonly committeeId: "cm_003"; readonly status: "Approved"; readonly riskFlag: false; readonly reviewedBy: "admin_001"; readonly requestedAt: "2026-05-06T11:30:00Z"; readonly reviewedAt: "2026-05-07T10:00:00Z"; }'.[0m [1m[35m[plugin angular-compiler][0m
    admin-portal/src/app/core/admin-data.service.ts:152:6:
[37[39m[22m
[1m[31mm      152 │       [32mlist.map(r => r.id === id ? { ...r, status: 'Approved' as c[37m...
          ╵       [32m~~~~~~~~~~~~~~~~~~~~~~~~~~~~~~~~~~~~~~~~~~~~~~~~~~~~~~~~~~~[0m
  'reviewedBy' is declared here.
    libs/src/lib/shared-types/mocks/index.ts:697:4:
[37m      697 │     [32mreviewedBy: 'admin_001'[37m,
          ╵     [32m~~~~~~~~~~~~~~~~~~~~~~~[0m
  The expected type comes from the return type of this signature.
    node_modules/@angular/core/types/_chrome_dev_tools_performance-chunk.d.ts:28:21:
[37m      28 │     update(updateFn: [32m(value: T) => T[37m): void;
         ╵                      [32m~~~~~~~~~~~~~~~[0m
[31mX [41;31m[[41;97mERROR[41;31m][0m [1mTS2322: Type '({ readonly id: "req_001"; readonly userId: "usr_003"; readonly committeeId: "cm_001"; readonly status: "Pending"; readonly riskFlag: false; readonly requestedAt: "2026-05-09T09:00:00Z"; } | ... 4 more ... | { ...; })[]' is not assignable to type '({ readonly id: "req_001"; readonly userId: "usr_003"; readonly committeeId: "cm_001"; readonly status: "Pending"; readonly riskFlag: false; readonly requestedAt: "2026-05-09T09:00:00Z"; } | { ...; } | { ...; })[]'.
  Type '{ readonly id: "req_001"; readonly userId: "usr_003"; readonly committeeId: "cm_001"; readonly status: "Pending"; readonly riskFlag: false; readonly requestedAt: "2026-05-09T09:00:00Z"; } | ... 4 more ... | { ...; }' is not assignable to type '{ readonly id: "req_001"; readonly userId: "usr_003"; readonly committeeId: "cm_001"; readonly status: "Pending"; readonly riskFlag: false; readonly requestedAt: "2026-05-09T09:00:00Z"; } | { ...; } | { ...; }'.
    Type '{ status: "Rejected"; reviewedAt: string; id: "req_001"; userId: "usr_003"; committeeId: "cm_001"; riskFlag: false; requestedAt: "2026-05-09T09:00:00Z"; }' is not assignable to type '{ readonly id: "req_001"; readonly userId: "usr_003"; readonly committeeId: "cm_001"; readonly status: "Pending"; readonly riskFlag: false; readonly requestedAt: [39m[22m[1m[31m"2026-05-09T09:00:00Z"; } | { ...; } | { ...; }'.
      Type '{ status: "Rejected"; reviewedAt: string; id: "req_001"; userId: "usr_003"; committeeId: "cm_001"; riskFlag: false; requestedAt: "2026-05-09T09:00:00Z"; }' is not assignable to type '{ readonly id: "req_001"; readonly userId: "usr_003"; readonly committeeId: "cm_001"; readonly status: "Pending"; readonly riskFlag: false; readonly requestedAt: "2026-05-09T09:00:00Z"; }'.
        Types of property 'status' are incompatible.
          Type '"Rejected"' is not assignable to type '"Pending"'.[0m [1m[35m[plugin angular-compiler][0m
    admin-portal/src/app/core/admin-data.service.ts:161:6:
[37m      161 │       [32mlist.map(r => r.id === id ? { ...r, status: 'Rejected' as c[37m...
          ╵       [32m~~~~~~~~~~~~~~~~~~~~~~~~~~~~~~~~~~~~~~~~~~~~~~~~~~~~~~~~~~~[0m
  The expected type comes from the return type of this signature.
    node_modules/@angular/core/types/_chrome_dev_tools_performance-chunk.d.ts:28:21:
[37m      28 │     update(updateFn: [32m(value: T) => T[37m): void;
         ╵                      [32m~~~~~~~~~~~~~~~[0m
[31mX [41;31m[[41;97mERROR[41;31m][0m [1mTS2322: Type 'string' is not assignable to type '"req_001" | "req_002" | "req_003"'.[0m [1m[35m[plugin angular-compiler][0m
    admin-portal/src/app/core/admin-data.service.ts:169:6:
[37m      169 │       [32mid[37m: 'req_' + Date.now(),
          ╵       [32m~~[0m
  The expected type comes from property 'id' which is declared here on type '{ readonly id: "req_001"; readonly userId: "usr_003"; readonly committeeId: "cm_001"; readonly status: "Pending"; readonly riskFlag: false; readonly requestedAt: "2026-05-09T09:00:00Z"; } | { ...; } | { ...; }'
    libs/src/lib/shared-types/mocks/index.ts:675:4:
[37m      675 │     [32mid: 'req_001'[37m,
          ╵     [32m~~~~~~~~~~~~~[0m
[31mX [41;31m[[41;97mERROR[41;31m][0m [1mTS2322: Type 'string' is not assignable to type '"usr_003" | "usr_004" | "[39m[22m[1m[31musr_002"'.[0m [1m[35m[plugin angular-compiler][0m
    admin-portal/src/app/core/admin-data.service.ts:170:6:
[37m      170 │       [32muserId[37m,
          ╵       [32m~~~~~~[0m
  The expected type comes from property 'userId' which is declared here on type '{ readonly id: "req_001"; readonly userId: "usr_003"; readonly committeeId: "cm_001"; readonly status: "Pending"; readonly riskFlag: false; readonly requestedAt: "2026-05-09T09:00:00Z"; } | { ...; } | { ...; }'
    libs/src/lib/shared-types/mocks/index.ts:676:4:
[37m      676 │     [32muserId: 'usr_003'[37m,
          ╵     [32m~~~~~~~~~~~~~~~~~[0m
[31mX [41;31m[[41;97mERROR[41;31m][0m [1mTS2322: Type 'string' is not assignable to type '"cm_001" | "cm_002" | "cm_003"'.[0m [1m[35m[plugin angular-compiler][0m
    admin-portal/src/app/core/admin-data.service.ts:171:6:
[37m      171 │       [32mcommitteeId[37m,
          ╵       [32m~~~~~~~~~~~[0m
  The expected type comes from property 'committeeId' which is declared here on type '{ readonly id: "req_001"; readonly userId: "usr_003"; readonly committeeId: "cm_001"; readonly status: "Pending"; readonly riskFlag: false; readonly requestedAt: "2026-05-09T09:00:00Z"; } | { ...; } | { ...; }'
    libs/src/lib/shared-types/mocks/index.ts:677:4:
[37m      677 │     [32mcommitteeId: 'cm_001'[37m,
          ╵     [32m~~~~~~~~~~~~~~~~~~~~~[0m
[31mX [41;31m[[41;97mERROR[41;31m][0m [1mTS2322: Type 'string' is not assignable to type '"2026-05-09T09:00:00Z" | "2026-05-08T13:15:00Z" | "2026-05-06T11:30:00Z"'.[0m [1m[35m[plugin angular-compiler][0m
    admin-portal/src/app/core/admin-data.service.ts:174:6:
[37m      174 │       [32mrequestedAt[37m: new Date().toISOString(),
          ╵       [32m~~~~~~~~~~~[0m
  The expected type comes from property 'requestedAt' which is declared here on type '{ readonly id: "req_001"; readonly userId: "usr_003"; readonly committeeId: "cm_001"; readonly status: "Pending"; readonly risk[39m[22m[1m[31mFlag: false; readonly requestedAt: "2026-05-09T09:00:00Z"; } | { ...; } | { ...; }'
    libs/src/lib/shared-types/mocks/index.ts:680:4:
[37m      680 │     [32mrequestedAt: '2026-05-09T09:00:00Z'[37m,
          ╵     [32m~~~~~~~~~~~~~~~~~~~~~~~~~~~~~~~~~~~[0m
[31mX [41;31m[[41;97mERROR[41;31m][0m [1mTS2345: Argument of type 'string' is not assignable to parameter of type '"cm_001" | "cm_002" | "cm_003"'.[0m [1m[35m[plugin angular-compiler][0m
    admin-portal/src/app/core/admin-data.service.ts:187:62:
[37m      187 │ ...filter(c => approvedIds.includes([32mc.id[37m) || c.leaderId === userId);
          ╵                                     [32m~~~~[0m
[31mX [41;31m[[41;97mERROR[41;31m][0m [1mTS2339: Property 'badge' does not exist on type '{ label: string; path: string; }'.[0m [1m[35m[plugin angular-compiler][0m
    admin-portal/src/app/layout/admin-shell.component.ts:22:24:
[37m      22 │               @if (item.[32mbadge[37m) { <span class="rounded-full bg-bran...
         ╵                         [32m~~~~~[0m
[31mX [41;31m[[41;97mERROR[41;31m][0m [1mTS2339: Property 'badge' does not exist on type '{ label: string; path: string; }'.[0m [1m[35m[plugin angular-compiler][0m
    admin-portal/src/app/layout/admin-shell.component.ts:22:101:
[37m      22 │ ...d-full bg-brand-500 px-2 py-0.5 text-xs">{{ item.[32mbadge[37m }}</span> }
         ╵                                                     [32m~~~~~[0m
[31mX [41;31m[[41;97mERROR[41;31m][0m [1mTS2322: Type '"warning"' is not assignable to type '"neutral" | "success" | "danger"'.[0m [1m[35m[plugin angular-compiler][0m
    admin-portal/src/app/pages/dashboard.component.ts:18:97:
[37m      18 │ ...[value]="data.pendingJoinRequests()" icon="📋[32m" to[37mne="warning" />
         ╵                                                [32m~~~~[0m
[31mX [41;31m[[41;97mERROR[41;31m][0m [1mTS2322: Type '"warning"' is not assignable to type '"neut[39m[22m[1m[31mral" | "success" | "danger"'.[0m [1m[35m[plugin angular-compiler][0m
    admin-portal/src/app/pages/dashboard.component.ts:19:97:
[37m      19 │ ...[value]="data.pendingPayments()"     icon="💳[32m" to[37mne="warning" />
         ╵                                                [32m~~~~[0m
[31mX [41;31m[[41;97mERROR[41;31m][0m [1mTS2322: Type '"warning"' is not assignable to type '"neutral" | "success" | "danger"'.[0m [1m[35m[plugin angular-compiler][0m
    admin-portal/src/app/pages/payments.component.ts:17:78:
[37m      17 │ ...Pending"  [value]="count('Pending')"  icon="⏳[32m" to[37mne="warning" />
         ╵                                                 [32m~~~~[0m
[39m[22m
Task "admin-portal:serve:development" is continuous but exited with code 4294967295

[2m[31m[39m[22m

[7m[1m[31m NX [39m[22m[27m  [31mRunning target [1mserve[22m for project admin-portal failed[39m

[2mFailed tasks:[22m

[2m-[22m admin-portal:serve:development

[2mHint: run the command with[22m --verbose [2mfor more details.[22m

